========================================================
LOG START: 2025-12-02 09:04:54 WIB
========================================================
[1/2] Membersihkan Folder Temp...
Selesai. Total 0 file dihapus.

[2/2] Membersihkan Notifikasi Lama...
Selesai. Total 3 notifikasi dihapus dari database.

=== CLEANUP SELESAI PADA: 2025-12-02 09:04:55 WIB ===
--------------------------------------------------------

========================================================
LOG START: 2025-12-02 09:06:49 WIB
========================================================
[1/2] Membersihkan Folder Temp...
Selesai. Total 0 file dihapus.

[2/2] Membersihkan Notifikasi Lama...
Selesai. Total 0 notifikasi dihapus dari database.

=== CLEANUP SELESAI PADA: 2025-12-02 09:06:49 WIB ===
--------------------------------------------------------

========================================================
LOG START: 2025-12-02 10:04:54 WIB
========================================================
[1/2] Membersihkan Folder Temp...
Selesai. Total 0 file dihapus.

[2/2] Membersihkan Notifikasi Lama...
Selesai. Total 0 notifikasi dihapus dari database.

=== CLEANUP SELESAI PADA: 2025-12-02 10:04:54 WIB ===
--------------------------------------------------------

========================================================
LOG START: 2025-12-02 10:06:49 WIB
========================================================
[1/2] Membersihkan Folder Temp...
Selesai. Total 0 file dihapus.

[2/2] Membersihkan Notifikasi Lama...
Selesai. Total 0 notifikasi dihapus dari database.

=== CLEANUP SELESAI PADA: 2025-12-02 10:06:49 WIB ===
--------------------------------------------------------

========================================================
LOG START: 2025-12-02 11:04:54 WIB
========================================================
[1/2] Membersihkan Folder Temp...
Selesai. Total 0 file dihapus.

[2/2] Membersihkan Notifikasi Lama...
Selesai. Total 0 notifikasi dihapus dari database.

=== CLEANUP SELESAI PADA: 2025-12-02 11:04:55 WIB ===
--------------------------------------------------------

========================================================
LOG START: 2025-12-02 11:06:49 WIB
========================================================
[1/2] Membersihkan Folder Temp...
Selesai. Total 0 file dihapus.

[2/2] Membersihkan Notifikasi Lama...
Selesai. Total 0 notifikasi dihapus dari database.

=== CLEANUP SELESAI PADA: 2025-12-02 11:06:49 WIB ===
--------------------------------------------------------

========================================================
LOG START: 2025-12-02 12:04:54 WIB
========================================================
[1/2] Membersihkan Folder Temp...
Selesai. Total 0 file dihapus.

[2/2] Membersihkan Notifikasi Lama...
Selesai. Total 0 notifikasi dihapus dari database.

=== CLEANUP SELESAI PADA: 2025-12-02 12:04:55 WIB ===
--------------------------------------------------------

========================================================
LOG START: 2025-12-02 12:06:49 WIB
========================================================
[1/2] Membersihkan Folder Temp...
Selesai. Total 0 file dihapus.

[2/2] Membersihkan Notifikasi Lama...
Selesai. Total 0 notifikasi dihapus dari database.

=== CLEANUP SELESAI PADA: 2025-12-02 12:06:50 WIB ===
--------------------------------------------------------

========================================================
LOG START: 2025-12-02 20:04:56 WIB
========================================================
[1/2] Membersihkan Folder Temp...
Selesai. Total 0 file dihapus.

[2/2] Membersihkan Notifikasi Lama...
Selesai. Total 0 notifikasi dihapus dari database.

=== CLEANUP SELESAI PADA: 2025-12-02 20:05:01 WIB ===
--------------------------------------------------------

========================================================
LOG START: 2025-12-02 20:06:49 WIB
========================================================
[1/2] Membersihkan Folder Temp...
Selesai. Total 0 file dihapus.

[2/2] Membersihkan Notifikasi Lama...
Selesai. Total 0 notifikasi dihapus dari database.

=== CLEANUP SELESAI PADA: 2025-12-02 20:06:49 WIB ===
--------------------------------------------------------

========================================================
LOG START: 2025-12-02 21:04:54 WIB
========================================================
[1/2] Membersihkan Folder Temp...
Selesai. Total 0 file dihapus.

[2/2] Membersihkan Notifikasi Lama...
Selesai. Total 0 notifikasi dihapus dari database.

=== CLEANUP SELESAI PADA: 2025-12-02 21:04:55 WIB ===
--------------------------------------------------------

========================================================
LOG START: 2025-12-02 21:06:49 WIB
========================================================
[1/2] Membersihkan Folder Temp...
Selesai. Total 0 file dihapus.

[2/2] Membersihkan Notifikasi Lama...
Selesai. Total 0 notifikasi dihapus dari database.

=== CLEANUP SELESAI PADA: 2025-12-02 21:06:49 WIB ===
--------------------------------------------------------

========================================================
LOG START: 2025-12-02 22:04:55 WIB
========================================================
[1/2] Membersihkan Folder Temp...
Selesai. Total 0 file dihapus.

[2/2] Membersihkan Notifikasi Lama...
Selesai. Total 0 notifikasi dihapus dari database.

=== CLEANUP SELESAI PADA: 2025-12-02 22:04:55 WIB ===
--------------------------------------------------------

========================================================
LOG START: 2025-12-02 22:06:49 WIB
========================================================
[1/2] Membersihkan Folder Temp...
Selesai. Total 0 file dihapus.

[2/2] Membersihkan Notifikasi Lama...
Selesai. Total 0 notifikasi dihapus dari database.

=== CLEANUP SELESAI PADA: 2025-12-02 22:06:49 WIB ===
--------------------------------------------------------

========================================================
LOG START: 2025-12-03 09:02:18 WIB
========================================================
[1/2] Membersihkan Folder Temp...
Selesai. Total 0 file dihapus.

[2/2] Membersihkan Notifikasi Lama...
Selesai. Total 0 notifikasi dihapus dari database.

=== CLEANUP SELESAI PADA: 2025-12-03 09:02:31 WIB ===
--------------------------------------------------------

========================================================
LOG START: 2025-12-03 09:04:54 WIB
========================================================
[1/2] Membersihkan Folder Temp...
Selesai. Total 0 file dihapus.

[2/2] Membersihkan Notifikasi Lama...
Selesai. Total 0 notifikasi dihapus dari database.

=== CLEANUP SELESAI PADA: 2025-12-03 09:04:55 WIB ===
--------------------------------------------------------

========================================================
LOG START: 2025-12-03 09:06:49 WIB
========================================================
[1/2] Membersihkan Folder Temp...
Selesai. Total 0 file dihapus.

[2/2] Membersihkan Notifikasi Lama...
Selesai. Total 0 notifikasi dihapus dari database.

=== CLEANUP SELESAI PADA: 2025-12-03 09:06:49 WIB ===
--------------------------------------------------------

========================================================
LOG START: 2025-12-03 10:04:54 WIB
========================================================
[1/2] Membersihkan Folder Temp...
Selesai. Total 0 file dihapus.

[2/2] Membersihkan Notifikasi Lama...
Selesai. Total 0 notifikasi dihapus dari database.

=== CLEANUP SELESAI PADA: 2025-12-03 10:04:55 WIB ===
--------------------------------------------------------

========================================================
LOG START: 2025-12-03 10:06:49 WIB
========================================================
[1/2] Membersihkan Folder Temp...
Selesai. Total 0 file dihapus.

[2/2] Membersihkan Notifikasi Lama...
Selesai. Total 0 notifikasi dihapus dari database.

=== CLEANUP SELESAI PADA: 2025-12-03 10:06:49 WIB ===
--------------------------------------------------------

========================================================
LOG START: 2025-12-03 11:04:54 WIB
========================================================
[1/2] Membersihkan Folder Temp...
Selesai. Total 0 file dihapus.

[2/2] Membersihkan Notifikasi Lama...
Selesai. Total 0 notifikasi dihapus dari database.

=== CLEANUP SELESAI PADA: 2025-12-03 11:04:56 WIB ===
--------------------------------------------------------

========================================================
LOG START: 2025-12-03 11:06:49 WIB
========================================================
[1/2] Membersihkan Folder Temp...
Selesai. Total 0 file dihapus.

[2/2] Membersihkan Notifikasi Lama...
Selesai. Total 0 notifikasi dihapus dari database.

=== CLEANUP SELESAI PADA: 2025-12-03 11:06:51 WIB ===
--------------------------------------------------------

========================================================
LOG START: 2025-12-03 12:04:54 WIB
========================================================
[1/2] Membersihkan Folder Temp...
Selesai. Total 0 file dihapus.

[2/2] Membersihkan Notifikasi Lama...
Selesai. Total 0 notifikasi dihapus dari database.

=== CLEANUP SELESAI PADA: 2025-12-03 12:04:55 WIB ===
--------------------------------------------------------

========================================================
LOG START: 2025-12-04 10:06:25 WIB
========================================================
[1/2] Membersihkan Folder Temp...
Selesai. Total 0 file dihapus.

[2/2] Membersihkan Notifikasi Lama...
Selesai. Total 12 notifikasi dihapus dari database.

=== CLEANUP SELESAI PADA: 2025-12-04 10:06:32 WIB ===
--------------------------------------------------------

========================================================
LOG START: 2025-12-04 11:04:57 WIB
========================================================
[1/2] Membersihkan Folder Temp...
Selesai. Total 0 file dihapus.

[2/2] Membersihkan Notifikasi Lama...
Selesai. Total 0 notifikasi dihapus dari database.

=== CLEANUP SELESAI PADA: 2025-12-04 11:05:03 WIB ===
--------------------------------------------------------

========================================================
LOG START: 2025-12-04 11:06:22 WIB
========================================================
[1/2] Membersihkan Folder Temp...
Selesai. Total 0 file dihapus.

[2/2] Membersihkan Notifikasi Lama...
Selesai. Total 0 notifikasi dihapus dari database.

=== CLEANUP SELESAI PADA: 2025-12-04 11:06:23 WIB ===
--------------------------------------------------------

========================================================
LOG START: 2025-12-04 17:01:25 WIB
========================================================
[1/2] Membersihkan Folder Temp...
Selesai. Total 0 file dihapus.

[2/2] Membersihkan Notifikasi Lama...
Selesai. Total 0 notifikasi dihapus dari database.

=== CLEANUP SELESAI PADA: 2025-12-04 17:01:25 WIB ===
--------------------------------------------------------

========================================================
LOG START: 2025-12-04 17:04:54 WIB
========================================================
[1/2] Membersihkan Folder Temp...
Selesai. Total 0 file dihapus.

[2/2] Membersihkan Notifikasi Lama...
Selesai. Total 0 notifikasi dihapus dari database.

=== CLEANUP SELESAI PADA: 2025-12-04 17:04:55 WIB ===
--------------------------------------------------------

========================================================
LOG START: 2025-12-04 17:06:21 WIB
========================================================
[1/2] Membersihkan Folder Temp...
Selesai. Total 0 file dihapus.

[2/2] Membersihkan Notifikasi Lama...
Selesai. Total 0 notifikasi dihapus dari database.

=== CLEANUP SELESAI PADA: 2025-12-04 17:06:22 WIB ===
--------------------------------------------------------

========================================================
LOG START: 2025-12-04 18:04:54 WIB
========================================================
[1/2] Membersihkan Folder Temp...
Selesai. Total 0 file dihapus.

[2/2] Membersihkan Notifikasi Lama...
Selesai. Total 0 notifikasi dihapus dari database.

=== CLEANUP SELESAI PADA: 2025-12-04 18:04:55 WIB ===
--------------------------------------------------------

========================================================
LOG START: 2025-12-04 18:06:22 WIB
========================================================
[1/2] Membersihkan Folder Temp...
Selesai. Total 0 file dihapus.

[2/2] Membersihkan Notifikasi Lama...
Selesai. Total 0 notifikasi dihapus dari database.

=== CLEANUP SELESAI PADA: 2025-12-04 18:06:23 WIB ===
--------------------------------------------------------

========================================================
LOG START: 2025-12-04 19:49:39 WIB
========================================================
[1/2] Membersihkan Folder Temp...
Selesai. Total 0 file dihapus.

[2/2] Membersihkan Notifikasi Lama...
Selesai. Total 0 notifikasi dihapus dari database.

=== CLEANUP SELESAI PADA: 2025-12-04 19:49:40 WIB ===
--------------------------------------------------------

========================================================
LOG START: 2025-12-04 20:04:55 WIB
========================================================
[1/2] Membersihkan Folder Temp...
Selesai. Total 0 file dihapus.

[2/2] Membersihkan Notifikasi Lama...
Selesai. Total 0 notifikasi dihapus dari database.

=== CLEANUP SELESAI PADA: 2025-12-04 20:04:56 WIB ===
--------------------------------------------------------

========================================================
LOG START: 2025-12-04 20:06:22 WIB
========================================================
[1/2] Membersihkan Folder Temp...
Selesai. Total 0 file dihapus.

[2/2] Membersihkan Notifikasi Lama...
Selesai. Total 0 notifikasi dihapus dari database.

=== CLEANUP SELESAI PADA: 2025-12-04 20:06:22 WIB ===
--------------------------------------------------------

========================================================
LOG START: 2025-12-04 21:04:54 WIB
========================================================
[1/2] Membersihkan Folder Temp...
Selesai. Total 0 file dihapus.

[2/2] Membersihkan Notifikasi Lama...
Selesai. Total 0 notifikasi dihapus dari database.

=== CLEANUP SELESAI PADA: 2025-12-04 21:04:55 WIB ===
--------------------------------------------------------

========================================================
LOG START: 2025-12-04 21:06:21 WIB
========================================================
[1/2] Membersihkan Folder Temp...
Selesai. Total 0 file dihapus.

[2/2] Membersihkan Notifikasi Lama...
Selesai. Total 0 notifikasi dihapus dari database.

=== CLEANUP SELESAI PADA: 2025-12-04 21:06:22 WIB ===
--------------------------------------------------------

========================================================
LOG START: 2025-12-05 08:45:06 WIB
========================================================
[1/2] Membersihkan Folder Temp...
Selesai. Total 0 file dihapus.

[2/2] Membersihkan Notifikasi Lama...
Selesai. Total 0 notifikasi dihapus dari database.

=== CLEANUP SELESAI PADA: 2025-12-05 08:45:06 WIB ===
--------------------------------------------------------

========================================================
LOG START: 2025-12-05 09:04:54 WIB
========================================================
[1/2] Membersihkan Folder Temp...
Selesai. Total 0 file dihapus.

[2/2] Membersihkan Notifikasi Lama...
Selesai. Total 0 notifikasi dihapus dari database.

=== CLEANUP SELESAI PADA: 2025-12-05 09:04:55 WIB ===
--------------------------------------------------------

========================================================
LOG START: 2025-12-05 09:06:21 WIB
========================================================
[1/2] Membersihkan Folder Temp...
Selesai. Total 0 file dihapus.

[2/2] Membersihkan Notifikasi Lama...
Selesai. Total 0 notifikasi dihapus dari database.

=== CLEANUP SELESAI PADA: 2025-12-05 09:06:22 WIB ===
--------------------------------------------------------

========================================================
LOG START: 2025-12-05 10:04:54 WIB
========================================================
[1/2] Membersihkan Folder Temp...
Selesai. Total 0 file dihapus.

[2/2] Membersihkan Notifikasi Lama...
Selesai. Total 0 notifikasi dihapus dari database.

=== CLEANUP SELESAI PADA: 2025-12-05 10:04:55 WIB ===
--------------------------------------------------------

========================================================
LOG START: 2025-12-05 10:06:21 WIB
========================================================
[1/2] Membersihkan Folder Temp...
Selesai. Total 0 file dihapus.

[2/2] Membersihkan Notifikasi Lama...
Selesai. Total 0 notifikasi dihapus dari database.

=== CLEANUP SELESAI PADA: 2025-12-05 10:06:22 WIB ===
--------------------------------------------------------

========================================================
LOG START: 2025-12-06 11:37:35 WIB
========================================================
[1/2] Membersihkan Folder Temp...
Selesai. Total 0 file dihapus.

[2/2] Membersihkan Notifikasi Lama...
Selesai. Total 1 notifikasi dihapus dari database.

=== CLEANUP SELESAI PADA: 2025-12-06 11:37:36 WIB ===
--------------------------------------------------------

========================================================
LOG START: 2025-12-06 12:04:56 WIB
========================================================
[1/2] Membersihkan Folder Temp...
Selesai. Total 0 file dihapus.

[2/2] Membersihkan Notifikasi Lama...
Selesai. Total 0 notifikasi dihapus dari database.

=== CLEANUP SELESAI PADA: 2025-12-06 12:05:01 WIB ===
--------------------------------------------------------

========================================================
LOG START: 2025-12-06 12:06:21 WIB
========================================================
[1/2] Membersihkan Folder Temp...
Selesai. Total 0 file dihapus.

[2/2] Membersihkan Notifikasi Lama...
Selesai. Total 0 notifikasi dihapus dari database.

=== CLEANUP SELESAI PADA: 2025-12-06 12:06:22 WIB ===
--------------------------------------------------------

========================================================
LOG START: 2025-12-06 12:37:34 WIB
========================================================
[1/2] Membersihkan Folder Temp...
Selesai. Total 0 file dihapus.

[2/2] Membersihkan Notifikasi Lama...
Selesai. Total 0 notifikasi dihapus dari database.

=== CLEANUP SELESAI PADA: 2025-12-06 12:37:34 WIB ===
--------------------------------------------------------

========================================================
LOG START: 2025-12-06 13:04:55 WIB
========================================================
[1/2] Membersihkan Folder Temp...
Selesai. Total 0 file dihapus.

[2/2] Membersihkan Notifikasi Lama...
Selesai. Total 0 notifikasi dihapus dari database.

=== CLEANUP SELESAI PADA: 2025-12-06 13:04:56 WIB ===
--------------------------------------------------------

========================================================
LOG START: 2025-12-06 13:06:21 WIB
========================================================
[1/2] Membersihkan Folder Temp...
Selesai. Total 0 file dihapus.

[2/2] Membersihkan Notifikasi Lama...
Selesai. Total 0 notifikasi dihapus dari database.

=== CLEANUP SELESAI PADA: 2025-12-06 13:06:22 WIB ===
--------------------------------------------------------

========================================================
LOG START: 2025-12-06 13:37:34 WIB
========================================================
[1/2] Membersihkan Folder Temp...
Selesai. Total 0 file dihapus.

[2/2] Membersihkan Notifikasi Lama...
Selesai. Total 0 notifikasi dihapus dari database.

=== CLEANUP SELESAI PADA: 2025-12-06 13:37:34 WIB ===
--------------------------------------------------------

========================================================
LOG START: 2025-12-06 14:04:54 WIB
========================================================
[1/2] Membersihkan Folder Temp...
Selesai. Total 0 file dihapus.

[2/2] Membersihkan Notifikasi Lama...
Selesai. Total 0 notifikasi dihapus dari database.

=== CLEANUP SELESAI PADA: 2025-12-06 14:04:55 WIB ===
--------------------------------------------------------

========================================================
LOG START: 2025-12-06 14:06:21 WIB
========================================================
[1/2] Membersihkan Folder Temp...
Selesai. Total 0 file dihapus.

[2/2] Membersihkan Notifikasi Lama...
Selesai. Total 0 notifikasi dihapus dari database.

=== CLEANUP SELESAI PADA: 2025-12-06 14:06:22 WIB ===
--------------------------------------------------------

========================================================
LOG START: 2025-12-06 14:37:34 WIB
========================================================
[1/2] Membersihkan Folder Temp...
Selesai. Total 0 file dihapus.

[2/2] Membersihkan Notifikasi Lama...
Selesai. Total 0 notifikasi dihapus dari database.

=== CLEANUP SELESAI PADA: 2025-12-06 14:37:35 WIB ===
--------------------------------------------------------

========================================================
LOG START: 2025-12-06 17:24:59 WIB
========================================================
[1/2] Membersihkan Folder Temp...
Selesai. Total 0 file dihapus.

[2/2] Membersihkan Notifikasi Lama...
Selesai. Total 0 notifikasi dihapus dari database.

=== CLEANUP SELESAI PADA: 2025-12-06 17:25:00 WIB ===
--------------------------------------------------------

========================================================
LOG START: 2025-12-07 09:11:15 WIB
========================================================
[1/2] Membersihkan Folder Temp...
Selesai. Total 0 file dihapus.

[2/2] Membersihkan Notifikasi Lama...
Selesai. Total 0 notifikasi dihapus dari database.

=== CLEANUP SELESAI PADA: 2025-12-07 09:11:23 WIB ===
--------------------------------------------------------

========================================================
LOG START: 2025-12-07 09:37:36 WIB
========================================================
[1/2] Membersihkan Folder Temp...
Selesai. Total 0 file dihapus.

[2/2] Membersihkan Notifikasi Lama...
Selesai. Total 0 notifikasi dihapus dari database.

=== CLEANUP SELESAI PADA: 2025-12-07 09:37:43 WIB ===
--------------------------------------------------------

========================================================
LOG START: 2025-12-07 10:04:55 WIB
========================================================
[1/2] Membersihkan Folder Temp...
Selesai. Total 0 file dihapus.

[2/2] Membersihkan Notifikasi Lama...
Selesai. Total 0 notifikasi dihapus dari database.

=== CLEANUP SELESAI PADA: 2025-12-07 10:04:56 WIB ===
--------------------------------------------------------

========================================================
LOG START: 2025-12-07 10:06:21 WIB
========================================================
[1/2] Membersihkan Folder Temp...
Selesai. Total 0 file dihapus.

[2/2] Membersihkan Notifikasi Lama...
Selesai. Total 0 notifikasi dihapus dari database.

=== CLEANUP SELESAI PADA: 2025-12-07 10:06:22 WIB ===
--------------------------------------------------------

========================================================
LOG START: 2025-12-07 10:11:12 WIB
========================================================
[1/2] Membersihkan Folder Temp...
Selesai. Total 0 file dihapus.

[2/2] Membersihkan Notifikasi Lama...
Selesai. Total 0 notifikasi dihapus dari database.

=== CLEANUP SELESAI PADA: 2025-12-07 10:11:13 WIB ===
--------------------------------------------------------

========================================================
LOG START: 2025-12-07 10:37:34 WIB
========================================================
[1/2] Membersihkan Folder Temp...
Selesai. Total 0 file dihapus.

[2/2] Membersihkan Notifikasi Lama...
Selesai. Total 0 notifikasi dihapus dari database.

=== CLEANUP SELESAI PADA: 2025-12-07 10:37:34 WIB ===
--------------------------------------------------------

========================================================
LOG START: 2025-12-07 11:04:54 WIB
========================================================
[1/2] Membersihkan Folder Temp...
Selesai. Total 0 file dihapus.

[2/2] Membersihkan Notifikasi Lama...
Selesai. Total 0 notifikasi dihapus dari database.

=== CLEANUP SELESAI PADA: 2025-12-07 11:04:55 WIB ===
--------------------------------------------------------

========================================================
LOG START: 2025-12-07 11:06:21 WIB
========================================================
[1/2] Membersihkan Folder Temp...
Selesai. Total 0 file dihapus.

[2/2] Membersihkan Notifikasi Lama...
Selesai. Total 0 notifikasi dihapus dari database.

=== CLEANUP SELESAI PADA: 2025-12-07 11:06:22 WIB ===
--------------------------------------------------------

========================================================
LOG START: 2025-12-07 11:11:13 WIB
========================================================
[1/2] Membersihkan Folder Temp...
Selesai. Total 0 file dihapus.

[2/2] Membersihkan Notifikasi Lama...
Selesai. Total 0 notifikasi dihapus dari database.

=== CLEANUP SELESAI PADA: 2025-12-07 11:11:14 WIB ===
--------------------------------------------------------

========================================================
LOG START: 2025-12-07 11:37:34 WIB
========================================================
[1/2] Membersihkan Folder Temp...
Selesai. Total 0 file dihapus.

[2/2] Membersihkan Notifikasi Lama...
Selesai. Total 0 notifikasi dihapus dari database.

=== CLEANUP SELESAI PADA: 2025-12-07 11:37:35 WIB ===
--------------------------------------------------------

========================================================
LOG START: 2025-12-07 12:04:54 WIB
========================================================
[1/2] Membersihkan Folder Temp...
Selesai. Total 0 file dihapus.

[2/2] Membersihkan Notifikasi Lama...
Selesai. Total 0 notifikasi dihapus dari database.

=== CLEANUP SELESAI PADA: 2025-12-07 12:04:55 WIB ===
--------------------------------------------------------

========================================================
LOG START: 2025-12-07 12:06:21 WIB
========================================================
[1/2] Membersihkan Folder Temp...
Selesai. Total 0 file dihapus.

[2/2] Membersihkan Notifikasi Lama...
Selesai. Total 0 notifikasi dihapus dari database.

=== CLEANUP SELESAI PADA: 2025-12-07 12:06:22 WIB ===
--------------------------------------------------------

========================================================
LOG START: 2025-12-07 12:11:12 WIB
========================================================
[1/2] Membersihkan Folder Temp...
Selesai. Total 0 file dihapus.

[2/2] Membersihkan Notifikasi Lama...
Selesai. Total 0 notifikasi dihapus dari database.

=== CLEANUP SELESAI PADA: 2025-12-07 12:11:13 WIB ===
--------------------------------------------------------

========================================================
LOG START: 2025-12-07 12:37:34 WIB
========================================================
[1/2] Membersihkan Folder Temp...
Selesai. Total 0 file dihapus.

[2/2] Membersihkan Notifikasi Lama...
Selesai. Total 0 notifikasi dihapus dari database.

=== CLEANUP SELESAI PADA: 2025-12-07 12:37:35 WIB ===
--------------------------------------------------------

========================================================
LOG START: 2025-12-08 10:36:00 WIB
========================================================
[1/2] Membersihkan Folder Temp...
Selesai. Total 0 file dihapus.

[2/2] Membersihkan Notifikasi Lama...
Selesai. Total 10 notifikasi dihapus dari database.

=== CLEANUP SELESAI PADA: 2025-12-08 10:36:04 WIB ===
--------------------------------------------------------

========================================================
LOG START: 2025-12-08 10:37:34 WIB
========================================================
[1/2] Membersihkan Folder Temp...
Selesai. Total 0 file dihapus.

[2/2] Membersihkan Notifikasi Lama...
Selesai. Total 0 notifikasi dihapus dari database.

=== CLEANUP SELESAI PADA: 2025-12-08 10:37:35 WIB ===
--------------------------------------------------------

========================================================
LOG START: 2025-12-08 11:04:55 WIB
========================================================
[1/2] Membersihkan Folder Temp...
Selesai. Total 0 file dihapus.

[2/2] Membersihkan Notifikasi Lama...
Selesai. Total 0 notifikasi dihapus dari database.

=== CLEANUP SELESAI PADA: 2025-12-08 11:04:56 WIB ===
--------------------------------------------------------

========================================================
LOG START: 2025-12-08 11:06:22 WIB
========================================================
[1/2] Membersihkan Folder Temp...
Selesai. Total 0 file dihapus.

[2/2] Membersihkan Notifikasi Lama...
Selesai. Total 0 notifikasi dihapus dari database.

=== CLEANUP SELESAI PADA: 2025-12-08 11:06:22 WIB ===
--------------------------------------------------------

========================================================
LOG START: 2025-12-08 11:11:12 WIB
========================================================
[1/2] Membersihkan Folder Temp...
Selesai. Total 0 file dihapus.

[2/2] Membersihkan Notifikasi Lama...
Selesai. Total 0 notifikasi dihapus dari database.

=== CLEANUP SELESAI PADA: 2025-12-08 11:11:14 WIB ===
--------------------------------------------------------

========================================================
LOG START: 2025-12-08 11:37:35 WIB
========================================================
[1/2] Membersihkan Folder Temp...
Selesai. Total 0 file dihapus.

[2/2] Membersihkan Notifikasi Lama...
Selesai. Total 0 notifikasi dihapus dari database.

=== CLEANUP SELESAI PADA: 2025-12-08 11:37:36 WIB ===
--------------------------------------------------------

========================================================
LOG START: 2025-12-08 12:04:58 WIB
========================================================
[1/2] Membersihkan Folder Temp...
Selesai. Total 0 file dihapus.

[2/2] Membersihkan Notifikasi Lama...
Selesai. Total 0 notifikasi dihapus dari database.

=== CLEANUP SELESAI PADA: 2025-12-08 12:05:07 WIB ===
--------------------------------------------------------

========================================================
LOG START: 2025-12-08 12:06:22 WIB
========================================================
[1/2] Membersihkan Folder Temp...
Selesai. Total 0 file dihapus.

[2/2] Membersihkan Notifikasi Lama...
Selesai. Total 0 notifikasi dihapus dari database.

=== CLEANUP SELESAI PADA: 2025-12-08 12:06:23 WIB ===
--------------------------------------------------------

========================================================
LOG START: 2025-12-08 12:11:13 WIB
========================================================
[1/2] Membersihkan Folder Temp...
Selesai. Total 0 file dihapus.

[2/2] Membersihkan Notifikasi Lama...
Selesai. Total 0 notifikasi dihapus dari database.

=== CLEANUP SELESAI PADA: 2025-12-08 12:11:15 WIB ===
--------------------------------------------------------

========================================================
LOG START: 2025-12-08 12:37:34 WIB
========================================================
[1/2] Membersihkan Folder Temp...
Selesai. Total 0 file dihapus.

[2/2] Membersihkan Notifikasi Lama...
Selesai. Total 0 notifikasi dihapus dari database.

=== CLEANUP SELESAI PADA: 2025-12-08 12:37:35 WIB ===
--------------------------------------------------------

========================================================
LOG START: 2025-12-08 13:04:57 WIB
========================================================
[1/2] Membersihkan Folder Temp...
Selesai. Total 0 file dihapus.

[2/2] Membersihkan Notifikasi Lama...
Selesai. Total 0 notifikasi dihapus dari database.

=== CLEANUP SELESAI PADA: 2025-12-08 13:05:04 WIB ===
--------------------------------------------------------

========================================================
LOG START: 2025-12-08 14:04:56 WIB
========================================================
[1/2] Membersihkan Folder Temp...
Selesai. Total 0 file dihapus.

[2/2] Membersihkan Notifikasi Lama...
Selesai. Total 0 notifikasi dihapus dari database.

=== CLEANUP SELESAI PADA: 2025-12-08 14:05:03 WIB ===
--------------------------------------------------------

========================================================
LOG START: 2025-12-08 15:04:54 WIB
========================================================
[1/2] Membersihkan Folder Temp...
Selesai. Total 0 file dihapus.

[2/2] Membersihkan Notifikasi Lama...
Selesai. Total 0 notifikasi dihapus dari database.

=== CLEANUP SELESAI PADA: 2025-12-08 15:04:55 WIB ===
--------------------------------------------------------

========================================================
LOG START: 2025-12-08 16:06:49 WIB
========================================================
[1/2] Membersihkan Folder Temp...
Selesai. Total 0 file dihapus.

[2/2] Membersihkan Notifikasi Lama...
Selesai. Total 0 notifikasi dihapus dari database.

=== CLEANUP SELESAI PADA: 2025-12-08 16:06:50 WIB ===
--------------------------------------------------------

========================================================
LOG START: 2025-12-09 12:49:48 WIB
========================================================
[1/2] Membersihkan Folder Temp...
Selesai. Total 0 file dihapus.

[2/2] Membersihkan Notifikasi Lama...
Selesai. Total 0 notifikasi dihapus dari database.

=== CLEANUP SELESAI PADA: 2025-12-09 12:49:59 WIB ===
--------------------------------------------------------

========================================================
LOG START: 2025-12-09 13:04:57 WIB
========================================================
[1/2] Membersihkan Folder Temp...
Selesai. Total 0 file dihapus.

[2/2] Membersihkan Notifikasi Lama...
Selesai. Total 0 notifikasi dihapus dari database.

=== CLEANUP SELESAI PADA: 2025-12-09 13:05:03 WIB ===
--------------------------------------------------------

========================================================
LOG START: 2025-12-09 13:49:49 WIB
========================================================
[1/2] Membersihkan Folder Temp...
Selesai. Total 0 file dihapus.

[2/2] Membersihkan Notifikasi Lama...
Selesai. Total 0 notifikasi dihapus dari database.

=== CLEANUP SELESAI PADA: 2025-12-09 13:49:50 WIB ===
--------------------------------------------------------

========================================================
LOG START: 2025-12-09 14:04:54 WIB
========================================================
[1/2] Membersihkan Folder Temp...
Selesai. Total 0 file dihapus.

[2/2] Membersihkan Notifikasi Lama...
Selesai. Total 0 notifikasi dihapus dari database.

=== CLEANUP SELESAI PADA: 2025-12-09 14:04:55 WIB ===
--------------------------------------------------------

========================================================
LOG START: 2025-12-10 20:11:54 WIB
========================================================
[1/2] Membersihkan Folder Temp...
Selesai. Total 0 file dihapus.

[2/2] Membersihkan Notifikasi Lama...
Selesai. Total 0 notifikasi dihapus dari database.

=== CLEANUP SELESAI PADA: 2025-12-10 20:12:02 WIB ===
--------------------------------------------------------

========================================================
LOG START: 2025-12-10 20:49:52 WIB
========================================================
[1/2] Membersihkan Folder Temp...
Selesai. Total 0 file dihapus.

[2/2] Membersihkan Notifikasi Lama...
Selesai. Total 0 notifikasi dihapus dari database.

=== CLEANUP SELESAI PADA: 2025-12-10 20:50:01 WIB ===
--------------------------------------------------------

========================================================
LOG START: 2025-12-10 21:04:59 WIB
========================================================
[1/2] Membersihkan Folder Temp...
Selesai. Total 0 file dihapus.

[2/2] Membersihkan Notifikasi Lama...
Selesai. Total 0 notifikasi dihapus dari database.

=== CLEANUP SELESAI PADA: 2025-12-10 21:05:07 WIB ===
--------------------------------------------------------

========================================================
LOG START: 2025-12-11 19:49:48 WIB
========================================================
[1/2] Membersihkan Folder Temp...
Selesai. Total 0 file dihapus.

[2/2] Membersihkan Notifikasi Lama...
Selesai. Total 0 notifikasi dihapus dari database.

=== CLEANUP SELESAI PADA: 2025-12-11 19:49:54 WIB ===
--------------------------------------------------------

========================================================
LOG START: 2025-12-11 20:04:54 WIB
========================================================
[1/2] Membersihkan Folder Temp...
Selesai. Total 0 file dihapus.

[2/2] Membersihkan Notifikasi Lama...
Selesai. Total 0 notifikasi dihapus dari database.

=== CLEANUP SELESAI PADA: 2025-12-11 20:04:55 WIB ===
--------------------------------------------------------

========================================================
LOG START: 2025-12-11 20:11:48 WIB
========================================================
[1/2] Membersihkan Folder Temp...
Selesai. Total 0 file dihapus.

[2/2] Membersihkan Notifikasi Lama...
Selesai. Total 0 notifikasi dihapus dari database.

=== CLEANUP SELESAI PADA: 2025-12-11 20:11:49 WIB ===
--------------------------------------------------------

========================================================
LOG START: 2025-12-11 20:49:48 WIB
========================================================
[1/2] Membersihkan Folder Temp...
Selesai. Total 0 file dihapus.

[2/2] Membersihkan Notifikasi Lama...
Selesai. Total 0 notifikasi dihapus dari database.

=== CLEANUP SELESAI PADA: 2025-12-11 20:49:49 WIB ===
--------------------------------------------------------

========================================================
LOG START: 2025-12-11 21:04:56 WIB
========================================================
[1/2] Membersihkan Folder Temp...
Selesai. Total 0 file dihapus.

[2/2] Membersihkan Notifikasi Lama...
Selesai. Total 1 notifikasi dihapus dari database.

=== CLEANUP SELESAI PADA: 2025-12-11 21:05:01 WIB ===
--------------------------------------------------------

========================================================
LOG START: 2025-12-11 21:11:48 WIB
========================================================
[1/2] Membersihkan Folder Temp...
Selesai. Total 0 file dihapus.

[2/2] Membersihkan Notifikasi Lama...
Selesai. Total 0 notifikasi dihapus dari database.

=== CLEANUP SELESAI PADA: 2025-12-11 21:11:49 WIB ===
--------------------------------------------------------

========================================================
LOG START: 2025-12-12 08:04:22 WIB
========================================================
[1/2] Membersihkan Folder Temp...
Selesai. Total 0 file dihapus.

[2/2] Membersihkan Notifikasi Lama...
Selesai. Total 0 notifikasi dihapus dari database.

=== CLEANUP SELESAI PADA: 2025-12-12 08:04:25 WIB ===
--------------------------------------------------------

========================================================
LOG START: 2025-12-12 08:04:55 WIB
========================================================
[1/2] Membersihkan Folder Temp...
Selesai. Total 0 file dihapus.

[2/2] Membersihkan Notifikasi Lama...
Selesai. Total 0 notifikasi dihapus dari database.

=== CLEANUP SELESAI PADA: 2025-12-12 08:04:56 WIB ===
--------------------------------------------------------

========================================================
LOG START: 2025-12-12 09:04:19 WIB
========================================================
[1/2] Membersihkan Folder Temp...
Selesai. Total 0 file dihapus.

[2/2] Membersihkan Notifikasi Lama...
Selesai. Total 0 notifikasi dihapus dari database.

=== CLEANUP SELESAI PADA: 2025-12-12 09:04:20 WIB ===
--------------------------------------------------------

========================================================
LOG START: 2025-12-12 09:04:54 WIB
========================================================
[1/2] Membersihkan Folder Temp...
Selesai. Total 0 file dihapus.

[2/2] Membersihkan Notifikasi Lama...
Selesai. Total 0 notifikasi dihapus dari database.

=== CLEANUP SELESAI PADA: 2025-12-12 09:04:54 WIB ===
--------------------------------------------------------

========================================================
LOG START: 2025-12-12 10:04:26 WIB
========================================================
[1/2] Membersihkan Folder Temp...
Selesai. Total 0 file dihapus.

[2/2] Membersihkan Notifikasi Lama...
Selesai. Total 0 notifikasi dihapus dari database.

=== CLEANUP SELESAI PADA: 2025-12-12 10:04:35 WIB ===
--------------------------------------------------------

========================================================
LOG START: 2025-12-12 10:04:54 WIB
========================================================
[1/2] Membersihkan Folder Temp...
Selesai. Total 0 file dihapus.

[2/2] Membersihkan Notifikasi Lama...
Selesai. Total 0 notifikasi dihapus dari database.

=== CLEANUP SELESAI PADA: 2025-12-12 10:04:54 WIB ===
--------------------------------------------------------

========================================================
LOG START: 2025-12-12 11:10:23 WIB
========================================================
[1/2] Membersihkan Folder Temp...
Selesai. Total 0 file dihapus.

[2/2] Membersihkan Notifikasi Lama...
Selesai. Total 0 notifikasi dihapus dari database.

=== CLEANUP SELESAI PADA: 2025-12-12 11:10:27 WIB ===
--------------------------------------------------------

========================================================
LOG START: 2025-12-12 18:56:56 WIB
========================================================
[1/2] Membersihkan Folder Temp...
Selesai. Total 0 file dihapus.

[2/2] Membersihkan Notifikasi Lama...
Selesai. Total 0 notifikasi dihapus dari database.

=== CLEANUP SELESAI PADA: 2025-12-12 18:57:03 WIB ===
--------------------------------------------------------

========================================================
LOG START: 2025-12-14 09:34:06 WIB
========================================================
[1/2] Membersihkan Folder Temp...
Selesai. Total 0 file dihapus.

[2/2] Membersihkan Notifikasi Lama...
Selesai. Total 4 notifikasi dihapus dari database.

=== CLEANUP SELESAI PADA: 2025-12-14 09:34:35 WIB ===
--------------------------------------------------------

========================================================
LOG START: 2025-12-14 09:39:26 WIB
========================================================
[1/2] Membersihkan Folder Temp...
Selesai. Total 0 file dihapus.

[2/2] Membersihkan Notifikasi Lama...
Selesai. Total 1 notifikasi dihapus dari database.

=== CLEANUP SELESAI PADA: 2025-12-14 09:39:30 WIB ===
--------------------------------------------------------

========================================================
LOG START: 2025-12-14 10:04:55 WIB
========================================================
[1/2] Membersihkan Folder Temp...
Selesai. Total 0 file dihapus.

[2/2] Membersihkan Notifikasi Lama...
Selesai. Total 0 notifikasi dihapus dari database.

=== CLEANUP SELESAI PADA: 2025-12-14 10:04:56 WIB ===
--------------------------------------------------------

========================================================
LOG START: 2025-12-14 10:34:03 WIB
========================================================
[1/2] Membersihkan Folder Temp...
Selesai. Total 0 file dihapus.

[2/2] Membersihkan Notifikasi Lama...
Selesai. Total 4 notifikasi dihapus dari database.

=== CLEANUP SELESAI PADA: 2025-12-14 10:34:04 WIB ===
--------------------------------------------------------

========================================================
LOG START: 2025-12-14 10:39:23 WIB
========================================================
[1/2] Membersihkan Folder Temp...
Selesai. Total 0 file dihapus.

[2/2] Membersihkan Notifikasi Lama...
Selesai. Total 1 notifikasi dihapus dari database.

=== CLEANUP SELESAI PADA: 2025-12-14 10:39:24 WIB ===
--------------------------------------------------------

========================================================
LOG START: 2025-12-14 11:04:54 WIB
========================================================
[1/2] Membersihkan Folder Temp...
Selesai. Total 0 file dihapus.

[2/2] Membersihkan Notifikasi Lama...
Selesai. Total 2 notifikasi dihapus dari database.

=== CLEANUP SELESAI PADA: 2025-12-14 11:04:55 WIB ===
--------------------------------------------------------

========================================================
LOG START: 2025-12-14 11:34:04 WIB
========================================================
[1/2] Membersihkan Folder Temp...
Selesai. Total 0 file dihapus.

[2/2] Membersihkan Notifikasi Lama...
Selesai. Total 0 notifikasi dihapus dari database.

=== CLEANUP SELESAI PADA: 2025-12-14 11:34:05 WIB ===
--------------------------------------------------------

========================================================
LOG START: 2025-12-14 11:39:23 WIB
========================================================
[1/2] Membersihkan Folder Temp...
Selesai. Total 0 file dihapus.

[2/2] Membersihkan Notifikasi Lama...
Selesai. Total 0 notifikasi dihapus dari database.

=== CLEANUP SELESAI PADA: 2025-12-14 11:39:24 WIB ===
--------------------------------------------------------

========================================================
LOG START: 2025-12-14 12:04:54 WIB
========================================================
[1/2] Membersihkan Folder Temp...
Selesai. Total 0 file dihapus.

[2/2] Membersihkan Notifikasi Lama...
Selesai. Total 0 notifikasi dihapus dari database.

=== CLEANUP SELESAI PADA: 2025-12-14 12:04:55 WIB ===
--------------------------------------------------------

========================================================
LOG START: 2025-12-14 13:05:01 WIB
========================================================
[1/2] Membersihkan Folder Temp...
Selesai. Total 0 file dihapus.

[2/2] Membersihkan Notifikasi Lama...
Selesai. Total 0 notifikasi dihapus dari database.

=== CLEANUP SELESAI PADA: 2025-12-14 13:05:14 WIB ===
--------------------------------------------------------

========================================================
LOG START: 2025-12-14 14:04:55 WIB
========================================================
[1/2] Membersihkan Folder Temp...
Selesai. Total 0 file dihapus.

[2/2] Membersihkan Notifikasi Lama...
Selesai. Total 0 notifikasi dihapus dari database.

=== CLEANUP SELESAI PADA: 2025-12-14 14:04:57 WIB ===
--------------------------------------------------------

========================================================
LOG START: 2025-12-14 22:07:33 WIB
========================================================
[1/2] Membersihkan Folder Temp...
Selesai. Total 0 file dihapus.

[2/2] Membersihkan Notifikasi Lama...
Selesai. Total 0 notifikasi dihapus dari database.

=== CLEANUP SELESAI PADA: 2025-12-14 22:07:34 WIB ===
--------------------------------------------------------

========================================================
LOG START: 2025-12-14 23:04:56 WIB
========================================================
[1/2] Membersihkan Folder Temp...
Selesai. Total 0 file dihapus.

[2/2] Membersihkan Notifikasi Lama...
Selesai. Total 0 notifikasi dihapus dari database.

=== CLEANUP SELESAI PADA: 2025-12-14 23:05:01 WIB ===
--------------------------------------------------------

========================================================
LOG START: 2025-12-14 23:07:30 WIB
========================================================
[1/2] Membersihkan Folder Temp...
Selesai. Total 0 file dihapus.

[2/2] Membersihkan Notifikasi Lama...
Selesai. Total 0 notifikasi dihapus dari database.

=== CLEANUP SELESAI PADA: 2025-12-14 23:07:31 WIB ===
--------------------------------------------------------

========================================================
LOG START: 2025-12-15 00:04:55 WIB
========================================================
[1/2] Membersihkan Folder Temp...
Selesai. Total 0 file dihapus.

[2/2] Membersihkan Notifikasi Lama...
Selesai. Total 0 notifikasi dihapus dari database.

=== CLEANUP SELESAI PADA: 2025-12-15 00:04:56 WIB ===
--------------------------------------------------------

========================================================
LOG START: 2025-12-15 21:40:24 WIB
========================================================
[1/2] Membersihkan Folder Temp...
Selesai. Total 0 file dihapus.

[2/2] Membersihkan Notifikasi Lama...
Selesai. Total 6 notifikasi dihapus dari database.

=== CLEANUP SELESAI PADA: 2025-12-15 21:40:25 WIB ===
--------------------------------------------------------

========================================================
LOG START: 2025-12-15 22:04:54 WIB
========================================================
[1/2] Membersihkan Folder Temp...
Selesai. Total 0 file dihapus.

[2/2] Membersihkan Notifikasi Lama...
Selesai. Total 0 notifikasi dihapus dari database.

=== CLEANUP SELESAI PADA: 2025-12-15 22:04:55 WIB ===
--------------------------------------------------------

========================================================
LOG START: 2025-12-15 22:07:30 WIB
========================================================
[1/2] Membersihkan Folder Temp...
Selesai. Total 0 file dihapus.

[2/2] Membersihkan Notifikasi Lama...
Selesai. Total 0 notifikasi dihapus dari database.

=== CLEANUP SELESAI PADA: 2025-12-15 22:07:31 WIB ===
--------------------------------------------------------

========================================================
LOG START: 2025-12-15 23:04:56 WIB
========================================================
[1/2] Membersihkan Folder Temp...
Selesai. Total 0 file dihapus.

[2/2] Membersihkan Notifikasi Lama...
Selesai. Total 0 notifikasi dihapus dari database.

=== CLEANUP SELESAI PADA: 2025-12-15 23:05:01 WIB ===
--------------------------------------------------------

========================================================
LOG START: 2025-12-15 23:07:30 WIB
========================================================
[1/2] Membersihkan Folder Temp...
Selesai. Total 0 file dihapus.

[2/2] Membersihkan Notifikasi Lama...
Selesai. Total 0 notifikasi dihapus dari database.

=== CLEANUP SELESAI PADA: 2025-12-15 23:07:31 WIB ===
--------------------------------------------------------

========================================================
LOG START: 2025-12-16 23:11:54 WIB
========================================================
[1/2] Membersihkan Folder Temp...
Selesai. Total 0 file dihapus.

[2/2] Membersihkan Notifikasi Lama...
Selesai. Total 2 notifikasi dihapus dari database.

=== CLEANUP SELESAI PADA: 2025-12-16 23:12:13 WIB ===
--------------------------------------------------------

========================================================
LOG START: 2025-12-17 00:04:54 WIB
========================================================
[1/2] Membersihkan Folder Temp...
Selesai. Total 0 file dihapus.

[2/2] Membersihkan Notifikasi Lama...
Selesai. Total 0 notifikasi dihapus dari database.

=== CLEANUP SELESAI PADA: 2025-12-17 00:05:00 WIB ===
--------------------------------------------------------

========================================================
LOG START: 2025-12-17 00:11:56 WIB
========================================================
[1/2] Membersihkan Folder Temp...
Selesai. Total 0 file dihapus.

[2/2] Membersihkan Notifikasi Lama...
Selesai. Total 0 notifikasi dihapus dari database.

=== CLEANUP SELESAI PADA: 2025-12-17 00:11:57 WIB ===
--------------------------------------------------------

========================================================
LOG START: 2025-12-17 12:01:13 WIB
========================================================
[1/2] Membersihkan Folder Temp...
Selesai. Total 0 file dihapus.

[2/2] Membersihkan Notifikasi Lama...
Selesai. Total 0 notifikasi dihapus dari database.

=== CLEANUP SELESAI PADA: 2025-12-17 12:01:29 WIB ===
--------------------------------------------------------

========================================================
LOG START: 2025-12-17 12:04:54 WIB
========================================================
[1/2] Membersihkan Folder Temp...
Selesai. Total 0 file dihapus.

[2/2] Membersihkan Notifikasi Lama...
Selesai. Total 0 notifikasi dihapus dari database.

=== CLEANUP SELESAI PADA: 2025-12-17 12:04:55 WIB ===
--------------------------------------------------------

========================================================
LOG START: 2025-12-17 13:04:58 WIB
========================================================
[1/2] Membersihkan Folder Temp...
Selesai. Total 0 file dihapus.

[2/2] Membersihkan Notifikasi Lama...
Selesai. Total 0 notifikasi dihapus dari database.

=== CLEANUP SELESAI PADA: 2025-12-17 13:05:07 WIB ===
--------------------------------------------------------

========================================================
LOG START: 2025-12-17 14:04:54 WIB
========================================================
[1/2] Membersihkan Folder Temp...
Selesai. Total 0 file dihapus.

[2/2] Membersihkan Notifikasi Lama...
Selesai. Total 0 notifikasi dihapus dari database.

=== CLEANUP SELESAI PADA: 2025-12-17 14:04:56 WIB ===
--------------------------------------------------------

========================================================
LOG START: 2025-12-17 19:30:47 WIB
========================================================
[1/2] Membersihkan Folder Temp...
Selesai. Total 0 file dihapus.

[2/2] Membersihkan Notifikasi Lama...
Selesai. Total 0 notifikasi dihapus dari database.

=== CLEANUP SELESAI PADA: 2025-12-17 19:30:49 WIB ===
--------------------------------------------------------

========================================================
LOG START: 2025-12-17 20:04:54 WIB
========================================================
[1/2] Membersihkan Folder Temp...
Selesai. Total 0 file dihapus.

[2/2] Membersihkan Notifikasi Lama...
Selesai. Total 0 notifikasi dihapus dari database.

=== CLEANUP SELESAI PADA: 2025-12-17 20:04:55 WIB ===
--------------------------------------------------------

========================================================
LOG START: 2025-12-18 09:08:15 WIB
========================================================
[1/2] Membersihkan Folder Temp...
Selesai. Total 0 file dihapus.

[2/2] Membersihkan Notifikasi Lama...
Selesai. Total 0 notifikasi dihapus dari database.

=== CLEANUP SELESAI PADA: 2025-12-18 09:08:25 WIB ===
--------------------------------------------------------

========================================================
LOG START: 2025-12-18 10:04:56 WIB
========================================================
[1/2] Membersihkan Folder Temp...
Selesai. Total 0 file dihapus.

[2/2] Membersihkan Notifikasi Lama...
Selesai. Total 0 notifikasi dihapus dari database.

=== CLEANUP SELESAI PADA: 2025-12-18 10:05:01 WIB ===
--------------------------------------------------------

========================================================
LOG START: 2025-12-18 10:08:09 WIB
========================================================
[1/2] Membersihkan Folder Temp...
Selesai. Total 0 file dihapus.

[2/2] Membersihkan Notifikasi Lama...
Selesai. Total 0 notifikasi dihapus dari database.

=== CLEANUP SELESAI PADA: 2025-12-18 10:08:09 WIB ===
--------------------------------------------------------

========================================================
LOG START: 2025-12-18 11:53:35 WIB
========================================================
[1/2] Membersihkan Folder Temp...
Selesai. Total 0 file dihapus.

[2/2] Membersihkan Notifikasi Lama...
Selesai. Total 0 notifikasi dihapus dari database.

=== CLEANUP SELESAI PADA: 2025-12-18 11:53:36 WIB ===
--------------------------------------------------------

========================================================
LOG START: 2025-12-18 12:04:55 WIB
========================================================
[1/2] Membersihkan Folder Temp...
Selesai. Total 0 file dihapus.

[2/2] Membersihkan Notifikasi Lama...
Selesai. Total 0 notifikasi dihapus dari database.

=== CLEANUP SELESAI PADA: 2025-12-18 12:04:56 WIB ===
--------------------------------------------------------

========================================================
LOG START: 2025-12-18 12:08:09 WIB
========================================================
[1/2] Membersihkan Folder Temp...
Selesai. Total 0 file dihapus.

[2/2] Membersihkan Notifikasi Lama...
Selesai. Total 0 notifikasi dihapus dari database.

=== CLEANUP SELESAI PADA: 2025-12-18 12:08:10 WIB ===
--------------------------------------------------------

========================================================
LOG START: 2025-12-18 13:04:55 WIB
========================================================
[1/2] Membersihkan Folder Temp...
Selesai. Total 0 file dihapus.

[2/2] Membersihkan Notifikasi Lama...
Selesai. Total 0 notifikasi dihapus dari database.

=== CLEANUP SELESAI PADA: 2025-12-18 13:04:58 WIB ===
--------------------------------------------------------

========================================================
LOG START: 2025-12-18 13:08:10 WIB
========================================================
[1/2] Membersihkan Folder Temp...
Selesai. Total 0 file dihapus.

[2/2] Membersihkan Notifikasi Lama...
Selesai. Total 0 notifikasi dihapus dari database.

=== CLEANUP SELESAI PADA: 2025-12-18 13:08:11 WIB ===
--------------------------------------------------------

========================================================
LOG START: 2025-12-18 14:04:55 WIB
========================================================
[1/2] Membersihkan Folder Temp...
Selesai. Total 0 file dihapus.

[2/2] Membersihkan Notifikasi Lama...
Selesai. Total 0 notifikasi dihapus dari database.

=== CLEANUP SELESAI PADA: 2025-12-18 14:04:56 WIB ===
--------------------------------------------------------

========================================================
LOG START: 2025-12-18 14:08:09 WIB
========================================================
[1/2] Membersihkan Folder Temp...
Selesai. Total 0 file dihapus.

[2/2] Membersihkan Notifikasi Lama...
Selesai. Total 0 notifikasi dihapus dari database.

=== CLEANUP SELESAI PADA: 2025-12-18 14:08:10 WIB ===
--------------------------------------------------------

========================================================
LOG START: 2025-12-18 15:04:55 WIB
========================================================
[1/2] Membersihkan Folder Temp...
Selesai. Total 0 file dihapus.

[2/2] Membersihkan Notifikasi Lama...
Selesai. Total 0 notifikasi dihapus dari database.

=== CLEANUP SELESAI PADA: 2025-12-18 15:04:56 WIB ===
--------------------------------------------------------

========================================================
LOG START: 2025-12-18 15:08:10 WIB
========================================================
[1/2] Membersihkan Folder Temp...
Selesai. Total 0 file dihapus.

[2/2] Membersihkan Notifikasi Lama...
Selesai. Total 0 notifikasi dihapus dari database.

=== CLEANUP SELESAI PADA: 2025-12-18 15:08:11 WIB ===
--------------------------------------------------------

========================================================
LOG START: 2025-12-18 16:04:55 WIB
========================================================
[1/2] Membersihkan Folder Temp...
Selesai. Total 0 file dihapus.

[2/2] Membersihkan Notifikasi Lama...
Selesai. Total 0 notifikasi dihapus dari database.

=== CLEANUP SELESAI PADA: 2025-12-18 16:04:56 WIB ===
--------------------------------------------------------

========================================================
LOG START: 2025-12-18 16:08:09 WIB
========================================================
[1/2] Membersihkan Folder Temp...
Selesai. Total 0 file dihapus.

[2/2] Membersihkan Notifikasi Lama...
Selesai. Total 0 notifikasi dihapus dari database.

=== CLEANUP SELESAI PADA: 2025-12-18 16:08:10 WIB ===
--------------------------------------------------------

========================================================
LOG START: 2025-12-18 17:04:55 WIB
========================================================
[1/2] Membersihkan Folder Temp...
Selesai. Total 0 file dihapus.

[2/2] Membersihkan Notifikasi Lama...
Selesai. Total 0 notifikasi dihapus dari database.

=== CLEANUP SELESAI PADA: 2025-12-18 17:04:56 WIB ===
--------------------------------------------------------

========================================================
LOG START: 2025-12-18 17:08:10 WIB
========================================================
[1/2] Membersihkan Folder Temp...
Selesai. Total 0 file dihapus.

[2/2] Membersihkan Notifikasi Lama...
Selesai. Total 0 notifikasi dihapus dari database.

=== CLEANUP SELESAI PADA: 2025-12-18 17:08:11 WIB ===
--------------------------------------------------------

========================================================
LOG START: 2025-12-19 15:04:56 WIB
========================================================
[1/2] Membersihkan Folder Temp...
Selesai. Total 0 file dihapus.

[2/2] Membersihkan Notifikasi Lama...
Selesai. Total 11 notifikasi dihapus dari database.

=== CLEANUP SELESAI PADA: 2025-12-19 15:05:01 WIB ===
--------------------------------------------------------

========================================================
LOG START: 2025-12-19 15:08:11 WIB
========================================================
[1/2] Membersihkan Folder Temp...
Selesai. Total 0 file dihapus.

[2/2] Membersihkan Notifikasi Lama...
Selesai. Total 0 notifikasi dihapus dari database.

=== CLEANUP SELESAI PADA: 2025-12-19 15:08:16 WIB ===
--------------------------------------------------------

========================================================
LOG START: 2025-12-19 15:31:37 WIB
========================================================
[1/2] Membersihkan Folder Temp...
Selesai. Total 0 file dihapus.

[2/2] Membersihkan Notifikasi Lama...
Selesai. Total 0 notifikasi dihapus dari database.

=== CLEANUP SELESAI PADA: 2025-12-19 15:31:37 WIB ===
--------------------------------------------------------

========================================================
LOG START: 2025-12-19 16:04:54 WIB
========================================================
[1/2] Membersihkan Folder Temp...
Selesai. Total 0 file dihapus.

[2/2] Membersihkan Notifikasi Lama...
Selesai. Total 0 notifikasi dihapus dari database.

=== CLEANUP SELESAI PADA: 2025-12-19 16:04:55 WIB ===
--------------------------------------------------------

========================================================
LOG START: 2025-12-19 16:08:10 WIB
========================================================
[1/2] Membersihkan Folder Temp...
Selesai. Total 0 file dihapus.

[2/2] Membersihkan Notifikasi Lama...
Selesai. Total 0 notifikasi dihapus dari database.

=== CLEANUP SELESAI PADA: 2025-12-19 16:08:10 WIB ===
--------------------------------------------------------

========================================================
LOG START: 2025-12-19 16:31:37 WIB
========================================================
[1/2] Membersihkan Folder Temp...
Selesai. Total 0 file dihapus.

[2/2] Membersihkan Notifikasi Lama...
Selesai. Total 0 notifikasi dihapus dari database.

=== CLEANUP SELESAI PADA: 2025-12-19 16:31:38 WIB ===
--------------------------------------------------------

========================================================
LOG START: 2025-12-19 17:04:56 WIB
========================================================
[1/2] Membersihkan Folder Temp...
Selesai. Total 0 file dihapus.

[2/2] Membersihkan Notifikasi Lama...
Selesai. Total 0 notifikasi dihapus dari database.

=== CLEANUP SELESAI PADA: 2025-12-19 17:04:58 WIB ===
--------------------------------------------------------

========================================================
LOG START: 2025-12-19 17:08:09 WIB
========================================================
[1/2] Membersihkan Folder Temp...
Selesai. Total 0 file dihapus.

[2/2] Membersihkan Notifikasi Lama...
Selesai. Total 0 notifikasi dihapus dari database.

=== CLEANUP SELESAI PADA: 2025-12-19 17:08:10 WIB ===
--------------------------------------------------------

========================================================
LOG START: 2025-12-19 17:31:37 WIB
========================================================
[1/2] Membersihkan Folder Temp...
Selesai. Total 0 file dihapus.

[2/2] Membersihkan Notifikasi Lama...
Selesai. Total 0 notifikasi dihapus dari database.

=== CLEANUP SELESAI PADA: 2025-12-19 17:31:37 WIB ===
--------------------------------------------------------

========================================================
LOG START: 2025-12-19 18:20:28 WIB
========================================================
[1/2] Membersihkan Folder Temp...
Selesai. Total 0 file dihapus.

[2/2] Membersihkan Notifikasi Lama...
Selesai. Total 0 notifikasi dihapus dari database.

=== CLEANUP SELESAI PADA: 2025-12-19 18:20:29 WIB ===
--------------------------------------------------------

========================================================
LOG START: 2025-12-20 15:33:01 WIB
========================================================
[1/2] Membersihkan Folder Temp...
Selesai. Total 0 file dihapus.

[2/2] Membersihkan Notifikasi Lama...
Selesai. Total 0 notifikasi dihapus dari database.

=== CLEANUP SELESAI PADA: 2025-12-20 15:33:09 WIB ===
--------------------------------------------------------

========================================================
LOG START: 2025-12-20 16:04:54 WIB
========================================================
[1/2] Membersihkan Folder Temp...
Selesai. Total 0 file dihapus.

[2/2] Membersihkan Notifikasi Lama...
Selesai. Total 0 notifikasi dihapus dari database.

=== CLEANUP SELESAI PADA: 2025-12-20 16:04:55 WIB ===
--------------------------------------------------------

========================================================
LOG START: 2025-12-20 16:08:09 WIB
========================================================
[1/2] Membersihkan Folder Temp...
Selesai. Total 0 file dihapus.

[2/2] Membersihkan Notifikasi Lama...
Selesai. Total 0 notifikasi dihapus dari database.

=== CLEANUP SELESAI PADA: 2025-12-20 16:08:10 WIB ===
--------------------------------------------------------

========================================================
LOG START: 2025-12-20 16:31:37 WIB
========================================================
[1/2] Membersihkan Folder Temp...
Selesai. Total 0 file dihapus.

[2/2] Membersihkan Notifikasi Lama...
Selesai. Total 0 notifikasi dihapus dari database.

=== CLEANUP SELESAI PADA: 2025-12-20 16:31:38 WIB ===
--------------------------------------------------------

========================================================
LOG START: 2025-12-20 17:04:57 WIB
========================================================
[1/2] Membersihkan Folder Temp...
Selesai. Total 0 file dihapus.

[2/2] Membersihkan Notifikasi Lama...
Selesai. Total 0 notifikasi dihapus dari database.

=== CLEANUP SELESAI PADA: 2025-12-20 17:05:03 WIB ===
--------------------------------------------------------

========================================================
LOG START: 2025-12-20 17:08:09 WIB
========================================================
[1/2] Membersihkan Folder Temp...
Selesai. Total 0 file dihapus.

[2/2] Membersihkan Notifikasi Lama...
Selesai. Total 0 notifikasi dihapus dari database.

=== CLEANUP SELESAI PADA: 2025-12-20 17:08:09 WIB ===
--------------------------------------------------------

========================================================
LOG START: 2025-12-20 17:31:37 WIB
========================================================
[1/2] Membersihkan Folder Temp...
Selesai. Total 0 file dihapus.

[2/2] Membersihkan Notifikasi Lama...
Selesai. Total 0 notifikasi dihapus dari database.

=== CLEANUP SELESAI PADA: 2025-12-20 17:31:38 WIB ===
--------------------------------------------------------

========================================================
LOG START: 2025-12-20 18:04:55 WIB
========================================================
[1/2] Membersihkan Folder Temp...
Selesai. Total 0 file dihapus.

[2/2] Membersihkan Notifikasi Lama...
Selesai. Total 0 notifikasi dihapus dari database.

=== CLEANUP SELESAI PADA: 2025-12-20 18:04:57 WIB ===
--------------------------------------------------------

========================================================
LOG START: 2025-12-20 19:37:43 WIB
========================================================
[1/2] Membersihkan Folder Temp...
Selesai. Total 0 file dihapus.

[2/2] Membersihkan Notifikasi Lama...
Selesai. Total 0 notifikasi dihapus dari database.

=== CLEANUP SELESAI PADA: 2025-12-20 19:37:44 WIB ===
--------------------------------------------------------

========================================================
LOG START: 2025-12-20 20:04:54 WIB
========================================================
[1/2] Membersihkan Folder Temp...
Selesai. Total 0 file dihapus.

[2/2] Membersihkan Notifikasi Lama...
Selesai. Total 0 notifikasi dihapus dari database.

=== CLEANUP SELESAI PADA: 2025-12-20 20:04:55 WIB ===
--------------------------------------------------------

========================================================
LOG START: 2025-12-20 20:08:10 WIB
========================================================
[1/2] Membersihkan Folder Temp...
Selesai. Total 0 file dihapus.

[2/2] Membersihkan Notifikasi Lama...
Selesai. Total 0 notifikasi dihapus dari database.

=== CLEANUP SELESAI PADA: 2025-12-20 20:08:11 WIB ===
--------------------------------------------------------

========================================================
LOG START: 2025-12-20 20:31:37 WIB
========================================================
[1/2] Membersihkan Folder Temp...
Selesai. Total 0 file dihapus.

[2/2] Membersihkan Notifikasi Lama...
Selesai. Total 0 notifikasi dihapus dari database.

=== CLEANUP SELESAI PADA: 2025-12-20 20:31:37 WIB ===
--------------------------------------------------------

========================================================
LOG START: 2025-12-21 11:15:49 WIB
========================================================
[1/2] Membersihkan Folder Temp...
Selesai. Total 0 file dihapus.

[2/2] Membersihkan Notifikasi Lama...
Selesai. Total 1 notifikasi dihapus dari database.

=== CLEANUP SELESAI PADA: 2025-12-21 11:15:56 WIB ===
--------------------------------------------------------

========================================================
LOG START: 2025-12-21 12:04:58 WIB
========================================================
[1/2] Membersihkan Folder Temp...
Selesai. Total 0 file dihapus.

[2/2] Membersihkan Notifikasi Lama...
Selesai. Total 0 notifikasi dihapus dari database.

=== CLEANUP SELESAI PADA: 2025-12-21 12:05:06 WIB ===
--------------------------------------------------------

========================================================
LOG START: 2025-12-21 12:15:45 WIB
========================================================
[1/2] Membersihkan Folder Temp...
Selesai. Total 0 file dihapus.

[2/2] Membersihkan Notifikasi Lama...
Selesai. Total 0 notifikasi dihapus dari database.

=== CLEANUP SELESAI PADA: 2025-12-21 12:15:45 WIB ===
--------------------------------------------------------

========================================================
LOG START: 2025-12-21 13:04:55 WIB
========================================================
[1/2] Membersihkan Folder Temp...
Selesai. Total 0 file dihapus.

[2/2] Membersihkan Notifikasi Lama...
Selesai. Total 0 notifikasi dihapus dari database.

=== CLEANUP SELESAI PADA: 2025-12-21 13:04:56 WIB ===
--------------------------------------------------------

========================================================
LOG START: 2025-12-21 13:15:44 WIB
========================================================
[1/2] Membersihkan Folder Temp...
Selesai. Total 0 file dihapus.

[2/2] Membersihkan Notifikasi Lama...
Selesai. Total 0 notifikasi dihapus dari database.

=== CLEANUP SELESAI PADA: 2025-12-21 13:15:45 WIB ===
--------------------------------------------------------

========================================================
LOG START: 2025-12-21 20:09:44 WIB
========================================================
[1/2] Membersihkan Folder Temp...
Selesai. Total 0 file dihapus.

[2/2] Membersihkan Notifikasi Lama...
Selesai. Total 0 notifikasi dihapus dari database.

=== CLEANUP SELESAI PADA: 2025-12-21 20:09:57 WIB ===
--------------------------------------------------------

========================================================
LOG START: 2025-12-21 20:15:44 WIB
========================================================
[1/2] Membersihkan Folder Temp...
Selesai. Total 0 file dihapus.

[2/2] Membersihkan Notifikasi Lama...
Selesai. Total 0 notifikasi dihapus dari database.

=== CLEANUP SELESAI PADA: 2025-12-21 20:15:45 WIB ===
--------------------------------------------------------

========================================================
LOG START: 2025-12-21 21:04:54 WIB
========================================================
[1/2] Membersihkan Folder Temp...
Selesai. Total 0 file dihapus.

[2/2] Membersihkan Notifikasi Lama...
Selesai. Total 0 notifikasi dihapus dari database.

=== CLEANUP SELESAI PADA: 2025-12-21 21:04:56 WIB ===
--------------------------------------------------------

========================================================
LOG START: 2025-12-21 21:15:44 WIB
========================================================
[1/2] Membersihkan Folder Temp...
Selesai. Total 0 file dihapus.

[2/2] Membersihkan Notifikasi Lama...
Selesai. Total 0 notifikasi dihapus dari database.

=== CLEANUP SELESAI PADA: 2025-12-21 21:15:46 WIB ===
--------------------------------------------------------

========================================================
LOG START: 2025-12-21 22:22:58 WIB
========================================================
[1/2] Membersihkan Folder Temp...
Selesai. Total 0 file dihapus.

[2/2] Membersihkan Notifikasi Lama...
Selesai. Total 0 notifikasi dihapus dari database.

=== CLEANUP SELESAI PADA: 2025-12-21 22:23:04 WIB ===
--------------------------------------------------------

========================================================
LOG START: 2025-12-21 23:04:54 WIB
========================================================
[1/2] Membersihkan Folder Temp...
Selesai. Total 0 file dihapus.

[2/2] Membersihkan Notifikasi Lama...
Selesai. Total 0 notifikasi dihapus dari database.

=== CLEANUP SELESAI PADA: 2025-12-21 23:04:55 WIB ===
--------------------------------------------------------

========================================================
LOG START: 2025-12-21 23:15:45 WIB
========================================================
[1/2] Membersihkan Folder Temp...
Selesai. Total 0 file dihapus.

[2/2] Membersihkan Notifikasi Lama...
Selesai. Total 0 notifikasi dihapus dari database.

=== CLEANUP SELESAI PADA: 2025-12-21 23:15:45 WIB ===
--------------------------------------------------------

========================================================
LOG START: 2025-12-21 23:22:55 WIB
========================================================
[1/2] Membersihkan Folder Temp...
Selesai. Total 0 file dihapus.

[2/2] Membersihkan Notifikasi Lama...
Selesai. Total 0 notifikasi dihapus dari database.

=== CLEANUP SELESAI PADA: 2025-12-21 23:22:55 WIB ===
--------------------------------------------------------

========================================================
LOG START: 2025-12-22 00:04:54 WIB
========================================================
[1/2] Membersihkan Folder Temp...
Selesai. Total 0 file dihapus.

[2/2] Membersihkan Notifikasi Lama...
Selesai. Total 0 notifikasi dihapus dari database.

=== CLEANUP SELESAI PADA: 2025-12-22 00:04:55 WIB ===
--------------------------------------------------------

========================================================
LOG START: 2025-12-22 00:15:45 WIB
========================================================
[1/2] Membersihkan Folder Temp...
Selesai. Total 0 file dihapus.

[2/2] Membersihkan Notifikasi Lama...
Selesai. Total 0 notifikasi dihapus dari database.

=== CLEANUP SELESAI PADA: 2025-12-22 00:15:45 WIB ===
--------------------------------------------------------

========================================================
LOG START: 2025-12-22 00:22:56 WIB
========================================================
[1/2] Membersihkan Folder Temp...
Selesai. Total 0 file dihapus.

[2/2] Membersihkan Notifikasi Lama...
Selesai. Total 0 notifikasi dihapus dari database.

=== CLEANUP SELESAI PADA: 2025-12-22 00:22:59 WIB ===
--------------------------------------------------------

========================================================
LOG START: 2025-12-22 01:04:55 WIB
========================================================
[1/2] Membersihkan Folder Temp...
Selesai. Total 0 file dihapus.

[2/2] Membersihkan Notifikasi Lama...
Selesai. Total 0 notifikasi dihapus dari database.

=== CLEANUP SELESAI PADA: 2025-12-22 01:04:55 WIB ===
--------------------------------------------------------

========================================================
LOG START: 2025-12-22 01:15:45 WIB
========================================================
[1/2] Membersihkan Folder Temp...
Selesai. Total 0 file dihapus.

[2/2] Membersihkan Notifikasi Lama...
Selesai. Total 0 notifikasi dihapus dari database.

=== CLEANUP SELESAI PADA: 2025-12-22 01:15:45 WIB ===
--------------------------------------------------------

========================================================
LOG START: 2025-12-22 01:22:55 WIB
========================================================
[1/2] Membersihkan Folder Temp...
Selesai. Total 0 file dihapus.

[2/2] Membersihkan Notifikasi Lama...
Selesai. Total 0 notifikasi dihapus dari database.

=== CLEANUP SELESAI PADA: 2025-12-22 01:22:56 WIB ===
--------------------------------------------------------

========================================================
LOG START: 2025-12-22 02:04:55 WIB
========================================================
[1/2] Membersihkan Folder Temp...
Selesai. Total 0 file dihapus.

[2/2] Membersihkan Notifikasi Lama...
Selesai. Total 0 notifikasi dihapus dari database.

=== CLEANUP SELESAI PADA: 2025-12-22 02:04:55 WIB ===
--------------------------------------------------------

========================================================
LOG START: 2025-12-22 02:15:44 WIB
========================================================
[1/2] Membersihkan Folder Temp...
Selesai. Total 0 file dihapus.

[2/2] Membersihkan Notifikasi Lama...
Selesai. Total 0 notifikasi dihapus dari database.

=== CLEANUP SELESAI PADA: 2025-12-22 02:15:45 WIB ===
--------------------------------------------------------

========================================================
LOG START: 2025-12-22 02:22:55 WIB
========================================================
[1/2] Membersihkan Folder Temp...
Selesai. Total 0 file dihapus.

[2/2] Membersihkan Notifikasi Lama...
Selesai. Total 0 notifikasi dihapus dari database.

=== CLEANUP SELESAI PADA: 2025-12-22 02:22:55 WIB ===
--------------------------------------------------------

========================================================
LOG START: 2025-12-22 09:39:04 WIB
========================================================
[1/2] Membersihkan Folder Temp...
Selesai. Total 0 file dihapus.

[2/2] Membersihkan Notifikasi Lama...
Selesai. Total 0 notifikasi dihapus dari database.

=== CLEANUP SELESAI PADA: 2025-12-22 09:39:10 WIB ===
--------------------------------------------------------

========================================================
LOG START: 2025-12-22 10:04:54 WIB
========================================================
[1/2] Membersihkan Folder Temp...
Selesai. Total 0 file dihapus.

[2/2] Membersihkan Notifikasi Lama...
Selesai. Total 0 notifikasi dihapus dari database.

=== CLEANUP SELESAI PADA: 2025-12-22 10:04:56 WIB ===
--------------------------------------------------------

========================================================
LOG START: 2025-12-22 10:15:44 WIB
========================================================
[1/2] Membersihkan Folder Temp...
Selesai. Total 0 file dihapus.

[2/2] Membersihkan Notifikasi Lama...
Selesai. Total 0 notifikasi dihapus dari database.

=== CLEANUP SELESAI PADA: 2025-12-22 10:15:46 WIB ===
--------------------------------------------------------

========================================================
LOG START: 2025-12-22 10:22:55 WIB
========================================================
[1/2] Membersihkan Folder Temp...
Selesai. Total 0 file dihapus.

[2/2] Membersihkan Notifikasi Lama...
Selesai. Total 0 notifikasi dihapus dari database.

=== CLEANUP SELESAI PADA: 2025-12-22 10:22:55 WIB ===
--------------------------------------------------------

========================================================
LOG START: 2025-12-22 11:04:54 WIB
========================================================
[1/2] Membersihkan Folder Temp...
Selesai. Total 0 file dihapus.

[2/2] Membersihkan Notifikasi Lama...
Selesai. Total 0 notifikasi dihapus dari database.

=== CLEANUP SELESAI PADA: 2025-12-22 11:04:56 WIB ===
--------------------------------------------------------

========================================================
LOG START: 2025-12-22 11:15:44 WIB
========================================================
[1/2] Membersihkan Folder Temp...
Selesai. Total 0 file dihapus.

[2/2] Membersihkan Notifikasi Lama...
Selesai. Total 0 notifikasi dihapus dari database.

=== CLEANUP SELESAI PADA: 2025-12-22 11:15:45 WIB ===
--------------------------------------------------------

========================================================
LOG START: 2025-12-22 11:22:55 WIB
========================================================
[1/2] Membersihkan Folder Temp...
Selesai. Total 0 file dihapus.

[2/2] Membersihkan Notifikasi Lama...
Selesai. Total 0 notifikasi dihapus dari database.

=== CLEANUP SELESAI PADA: 2025-12-22 11:22:56 WIB ===
--------------------------------------------------------

========================================================
LOG START: 2025-12-22 22:16:32 WIB
========================================================
[1/2] Membersihkan Folder Temp...
Selesai. Total 0 file dihapus.

[2/2] Membersihkan Notifikasi Lama...
Selesai. Total 0 notifikasi dihapus dari database.

=== CLEANUP SELESAI PADA: 2025-12-22 22:16:38 WIB ===
--------------------------------------------------------

========================================================
LOG START: 2025-12-22 22:22:57 WIB
========================================================
[1/2] Membersihkan Folder Temp...
Selesai. Total 0 file dihapus.

[2/2] Membersihkan Notifikasi Lama...
Selesai. Total 0 notifikasi dihapus dari database.

=== CLEANUP SELESAI PADA: 2025-12-22 22:23:03 WIB ===
--------------------------------------------------------

========================================================
LOG START: 2025-12-22 23:04:59 WIB
========================================================
[1/2] Membersihkan Folder Temp...
Selesai. Total 0 file dihapus.

[2/2] Membersihkan Notifikasi Lama...
Selesai. Total 0 notifikasi dihapus dari database.

=== CLEANUP SELESAI PADA: 2025-12-22 23:05:05 WIB ===
--------------------------------------------------------

========================================================
LOG START: 2025-12-22 23:15:45 WIB
========================================================
[1/2] Membersihkan Folder Temp...
Selesai. Total 0 file dihapus.

[2/2] Membersihkan Notifikasi Lama...
Selesai. Total 0 notifikasi dihapus dari database.

=== CLEANUP SELESAI PADA: 2025-12-22 23:15:46 WIB ===
--------------------------------------------------------

========================================================
LOG START: 2025-12-22 23:16:26 WIB
========================================================
[1/2] Membersihkan Folder Temp...
Selesai. Total 0 file dihapus.

[2/2] Membersihkan Notifikasi Lama...
Selesai. Total 0 notifikasi dihapus dari database.

=== CLEANUP SELESAI PADA: 2025-12-22 23:16:27 WIB ===
--------------------------------------------------------

========================================================
LOG START: 2025-12-22 23:22:55 WIB
========================================================
[1/2] Membersihkan Folder Temp...
Selesai. Total 0 file dihapus.

[2/2] Membersihkan Notifikasi Lama...
Selesai. Total 0 notifikasi dihapus dari database.

=== CLEANUP SELESAI PADA: 2025-12-22 23:22:55 WIB ===
--------------------------------------------------------

========================================================
LOG START: 2025-12-23 00:04:54 WIB
========================================================
[1/2] Membersihkan Folder Temp...
Selesai. Total 0 file dihapus.

[2/2] Membersihkan Notifikasi Lama...
Selesai. Total 0 notifikasi dihapus dari database.

=== CLEANUP SELESAI PADA: 2025-12-23 00:04:55 WIB ===
--------------------------------------------------------

========================================================
LOG START: 2025-12-23 00:15:48 WIB
========================================================
[1/2] Membersihkan Folder Temp...
Selesai. Total 0 file dihapus.

[2/2] Membersihkan Notifikasi Lama...
Selesai. Total 0 notifikasi dihapus dari database.

=== CLEANUP SELESAI PADA: 2025-12-23 00:15:54 WIB ===
--------------------------------------------------------

========================================================
LOG START: 2025-12-23 00:16:26 WIB
========================================================
[1/2] Membersihkan Folder Temp...
Selesai. Total 0 file dihapus.

[2/2] Membersihkan Notifikasi Lama...
Selesai. Total 0 notifikasi dihapus dari database.

=== CLEANUP SELESAI PADA: 2025-12-23 00:16:27 WIB ===
--------------------------------------------------------

========================================================
LOG START: 2025-12-23 00:22:55 WIB
========================================================
[1/2] Membersihkan Folder Temp...
Selesai. Total 0 file dihapus.

[2/2] Membersihkan Notifikasi Lama...
Selesai. Total 0 notifikasi dihapus dari database.

=== CLEANUP SELESAI PADA: 2025-12-23 00:22:55 WIB ===
--------------------------------------------------------

========================================================
LOG START: 2025-12-23 08:20:48 WIB
========================================================
[1/2] Membersihkan Folder Temp...
Selesai. Total 0 file dihapus.

[2/2] Membersihkan Notifikasi Lama...
Selesai. Total 0 notifikasi dihapus dari database.

=== CLEANUP SELESAI PADA: 2025-12-23 08:20:56 WIB ===
--------------------------------------------------------

========================================================
LOG START: 2025-12-23 08:22:55 WIB
========================================================
[1/2] Membersihkan Folder Temp...
Selesai. Total 0 file dihapus.

[2/2] Membersihkan Notifikasi Lama...
Selesai. Total 0 notifikasi dihapus dari database.

=== CLEANUP SELESAI PADA: 2025-12-23 08:22:56 WIB ===
--------------------------------------------------------

========================================================
LOG START: 2025-12-23 09:04:58 WIB
========================================================
[1/2] Membersihkan Folder Temp...
Selesai. Total 0 file dihapus.

[2/2] Membersihkan Notifikasi Lama...
Selesai. Total 0 notifikasi dihapus dari database.

=== CLEANUP SELESAI PADA: 2025-12-23 09:05:01 WIB ===
--------------------------------------------------------

========================================================
LOG START: 2025-12-23 09:15:44 WIB
========================================================
[1/2] Membersihkan Folder Temp...
Selesai. Total 0 file dihapus.

[2/2] Membersihkan Notifikasi Lama...
Selesai. Total 0 notifikasi dihapus dari database.

=== CLEANUP SELESAI PADA: 2025-12-23 09:15:45 WIB ===
--------------------------------------------------------

========================================================
LOG START: 2025-12-23 09:16:26 WIB
========================================================
[1/2] Membersihkan Folder Temp...
Selesai. Total 0 file dihapus.

[2/2] Membersihkan Notifikasi Lama...
Selesai. Total 0 notifikasi dihapus dari database.

=== CLEANUP SELESAI PADA: 2025-12-23 09:16:27 WIB ===
--------------------------------------------------------

========================================================
LOG START: 2025-12-23 09:22:55 WIB
========================================================
[1/2] Membersihkan Folder Temp...
Selesai. Total 0 file dihapus.

[2/2] Membersihkan Notifikasi Lama...
Selesai. Total 0 notifikasi dihapus dari database.

=== CLEANUP SELESAI PADA: 2025-12-23 09:22:56 WIB ===
--------------------------------------------------------

========================================================
LOG START: 2025-12-23 10:04:58 WIB
========================================================
[1/2] Membersihkan Folder Temp...
Selesai. Total 0 file dihapus.

[2/2] Membersihkan Notifikasi Lama...
Selesai. Total 0 notifikasi dihapus dari database.

=== CLEANUP SELESAI PADA: 2025-12-23 10:05:07 WIB ===
--------------------------------------------------------

========================================================
LOG START: 2025-12-23 10:15:47 WIB
========================================================
[1/2] Membersihkan Folder Temp...
Selesai. Total 0 file dihapus.

[2/2] Membersihkan Notifikasi Lama...
Selesai. Total 0 notifikasi dihapus dari database.

=== CLEANUP SELESAI PADA: 2025-12-23 10:15:53 WIB ===
--------------------------------------------------------

========================================================
LOG START: 2025-12-23 10:16:26 WIB
========================================================
[1/2] Membersihkan Folder Temp...
Selesai. Total 0 file dihapus.

[2/2] Membersihkan Notifikasi Lama...
Selesai. Total 0 notifikasi dihapus dari database.

=== CLEANUP SELESAI PADA: 2025-12-23 10:16:28 WIB ===
--------------------------------------------------------

========================================================
LOG START: 2025-12-23 10:22:55 WIB
========================================================
[1/2] Membersihkan Folder Temp...
Selesai. Total 0 file dihapus.

[2/2] Membersihkan Notifikasi Lama...
Selesai. Total 0 notifikasi dihapus dari database.

=== CLEANUP SELESAI PADA: 2025-12-23 10:22:55 WIB ===
--------------------------------------------------------

========================================================
LOG START: 2025-12-24 09:16:59 WIB
========================================================
[1/2] Membersihkan Folder Temp...
Selesai. Total 0 file dihapus.

[2/2] Membersihkan Notifikasi Lama...
Selesai. Total 0 notifikasi dihapus dari database.

=== CLEANUP SELESAI PADA: 2025-12-24 09:17:04 WIB ===
--------------------------------------------------------

========================================================
LOG START: 2025-12-24 09:22:39 WIB
========================================================
[1/2] Membersihkan Folder Temp...
Selesai. Total 0 file dihapus.

[2/2] Membersihkan Notifikasi Lama...
Selesai. Total 0 notifikasi dihapus dari database.

=== CLEANUP SELESAI PADA: 2025-12-24 09:22:43 WIB ===
--------------------------------------------------------

========================================================
LOG START: 2025-12-24 09:22:55 WIB
========================================================
[1/2] Membersihkan Folder Temp...
Selesai. Total 0 file dihapus.

[2/2] Membersihkan Notifikasi Lama...
Selesai. Total 0 notifikasi dihapus dari database.

=== CLEANUP SELESAI PADA: 2025-12-24 09:22:56 WIB ===
--------------------------------------------------------

========================================================
LOG START: 2025-12-24 10:04:56 WIB
========================================================
[1/2] Membersihkan Folder Temp...
Selesai. Total 0 file dihapus.

[2/2] Membersihkan Notifikasi Lama...
Selesai. Total 0 notifikasi dihapus dari database.

=== CLEANUP SELESAI PADA: 2025-12-24 10:05:02 WIB ===
--------------------------------------------------------

========================================================
LOG START: 2025-12-24 10:32:36 WIB
========================================================
[1/2] Membersihkan Folder Temp...
Selesai. Total 0 file dihapus.

[2/2] Membersihkan Notifikasi Lama...
Selesai. Total 0 notifikasi dihapus dari database.

=== CLEANUP SELESAI PADA: 2025-12-24 10:32:40 WIB ===
--------------------------------------------------------

========================================================
LOG START: 2025-12-24 11:04:55 WIB
========================================================
[1/2] Membersihkan Folder Temp...
Selesai. Total 0 file dihapus.

[2/2] Membersihkan Notifikasi Lama...
Selesai. Total 0 notifikasi dihapus dari database.

=== CLEANUP SELESAI PADA: 2025-12-24 11:04:56 WIB ===
--------------------------------------------------------

========================================================
LOG START: 2025-12-24 11:15:45 WIB
========================================================
[1/2] Membersihkan Folder Temp...
Selesai. Total 0 file dihapus.

[2/2] Membersihkan Notifikasi Lama...
Selesai. Total 0 notifikasi dihapus dari database.

=== CLEANUP SELESAI PADA: 2025-12-24 11:15:46 WIB ===
--------------------------------------------------------

========================================================
LOG START: 2025-12-24 11:16:26 WIB
========================================================
[1/2] Membersihkan Folder Temp...
Selesai. Total 0 file dihapus.

[2/2] Membersihkan Notifikasi Lama...
Selesai. Total 0 notifikasi dihapus dari database.

=== CLEANUP SELESAI PADA: 2025-12-24 11:16:27 WIB ===
--------------------------------------------------------

========================================================
LOG START: 2025-12-24 11:22:37 WIB
========================================================
[1/2] Membersihkan Folder Temp...
Selesai. Total 0 file dihapus.

[2/2] Membersihkan Notifikasi Lama...
Selesai. Total 0 notifikasi dihapus dari database.

=== CLEANUP SELESAI PADA: 2025-12-24 11:22:39 WIB ===
--------------------------------------------------------

========================================================
LOG START: 2025-12-24 11:22:55 WIB
========================================================
[1/2] Membersihkan Folder Temp...
Selesai. Total 0 file dihapus.

[2/2] Membersihkan Notifikasi Lama...
Selesai. Total 0 notifikasi dihapus dari database.

=== CLEANUP SELESAI PADA: 2025-12-24 11:22:56 WIB ===
--------------------------------------------------------

========================================================
LOG START: 2025-12-24 12:04:55 WIB
========================================================
[1/2] Membersihkan Folder Temp...
Selesai. Total 0 file dihapus.

[2/2] Membersihkan Notifikasi Lama...
Selesai. Total 0 notifikasi dihapus dari database.

=== CLEANUP SELESAI PADA: 2025-12-24 12:04:56 WIB ===
--------------------------------------------------------

========================================================
LOG START: 2025-12-24 12:15:45 WIB
========================================================
[1/2] Membersihkan Folder Temp...
Selesai. Total 0 file dihapus.

[2/2] Membersihkan Notifikasi Lama...
Selesai. Total 0 notifikasi dihapus dari database.

=== CLEANUP SELESAI PADA: 2025-12-24 12:15:46 WIB ===
--------------------------------------------------------

========================================================
LOG START: 2025-12-24 12:16:26 WIB
========================================================
[1/2] Membersihkan Folder Temp...
Selesai. Total 0 file dihapus.

[2/2] Membersihkan Notifikasi Lama...
Selesai. Total 0 notifikasi dihapus dari database.

=== CLEANUP SELESAI PADA: 2025-12-24 12:16:26 WIB ===
--------------------------------------------------------

========================================================
LOG START: 2025-12-24 12:22:36 WIB
========================================================
[1/2] Membersihkan Folder Temp...
Selesai. Total 0 file dihapus.

[2/2] Membersihkan Notifikasi Lama...
Selesai. Total 0 notifikasi dihapus dari database.

=== CLEANUP SELESAI PADA: 2025-12-24 12:22:37 WIB ===
--------------------------------------------------------

========================================================
LOG START: 2025-12-24 12:22:55 WIB
========================================================
[1/2] Membersihkan Folder Temp...
Selesai. Total 0 file dihapus.

[2/2] Membersihkan Notifikasi Lama...
Selesai. Total 0 notifikasi dihapus dari database.

=== CLEANUP SELESAI PADA: 2025-12-24 12:22:55 WIB ===
--------------------------------------------------------

========================================================
LOG START: 2025-12-25 08:44:08 WIB
========================================================
[1/2] Membersihkan Folder Temp...
Selesai. Total 0 file dihapus.

[2/2] Membersihkan Notifikasi Lama...
Selesai. Total 0 notifikasi dihapus dari database.

=== CLEANUP SELESAI PADA: 2025-12-25 08:44:15 WIB ===
--------------------------------------------------------

========================================================
LOG START: 2025-12-25 09:04:55 WIB
========================================================
[1/2] Membersihkan Folder Temp...
Selesai. Total 0 file dihapus.

[2/2] Membersihkan Notifikasi Lama...
Selesai. Total 1 notifikasi dihapus dari database.

=== CLEANUP SELESAI PADA: 2025-12-25 09:04:55 WIB ===
--------------------------------------------------------

========================================================
LOG START: 2025-12-25 09:15:45 WIB
========================================================
[1/2] Membersihkan Folder Temp...
Selesai. Total 0 file dihapus.

[2/2] Membersihkan Notifikasi Lama...
Selesai. Total 0 notifikasi dihapus dari database.

=== CLEANUP SELESAI PADA: 2025-12-25 09:15:45 WIB ===
--------------------------------------------------------

========================================================
LOG START: 2025-12-25 09:16:26 WIB
========================================================
[1/2] Membersihkan Folder Temp...
Selesai. Total 0 file dihapus.

[2/2] Membersihkan Notifikasi Lama...
Selesai. Total 0 notifikasi dihapus dari database.

=== CLEANUP SELESAI PADA: 2025-12-25 09:16:26 WIB ===
--------------------------------------------------------

========================================================
LOG START: 2025-12-25 09:22:37 WIB
========================================================
[1/2] Membersihkan Folder Temp...
Selesai. Total 0 file dihapus.

[2/2] Membersihkan Notifikasi Lama...
Selesai. Total 0 notifikasi dihapus dari database.

=== CLEANUP SELESAI PADA: 2025-12-25 09:22:38 WIB ===
--------------------------------------------------------

========================================================
LOG START: 2025-12-25 09:22:55 WIB
========================================================
[1/2] Membersihkan Folder Temp...
Selesai. Total 0 file dihapus.

[2/2] Membersihkan Notifikasi Lama...
Selesai. Total 0 notifikasi dihapus dari database.

=== CLEANUP SELESAI PADA: 2025-12-25 09:22:55 WIB ===
--------------------------------------------------------

========================================================
LOG START: 2025-12-25 09:44:05 WIB
========================================================
[1/2] Membersihkan Folder Temp...
Selesai. Total 0 file dihapus.

[2/2] Membersihkan Notifikasi Lama...
Selesai. Total 4 notifikasi dihapus dari database.

=== CLEANUP SELESAI PADA: 2025-12-25 09:44:11 WIB ===
--------------------------------------------------------

========================================================
LOG START: 2025-12-25 10:05:59 WIB
========================================================
[1/2] Membersihkan Folder Temp...
Selesai. Total 0 file dihapus.

[2/2] Membersihkan Notifikasi Lama...
Selesai. Total 0 notifikasi dihapus dari database.

=== CLEANUP SELESAI PADA: 2025-12-25 10:06:02 WIB ===
--------------------------------------------------------

========================================================
LOG START: 2025-12-25 10:15:45 WIB
========================================================
[1/2] Membersihkan Folder Temp...
Selesai. Total 0 file dihapus.

[2/2] Membersihkan Notifikasi Lama...
Selesai. Total 0 notifikasi dihapus dari database.

=== CLEANUP SELESAI PADA: 2025-12-25 10:15:45 WIB ===
--------------------------------------------------------

========================================================
LOG START: 2025-12-25 10:16:26 WIB
========================================================
[1/2] Membersihkan Folder Temp...
Selesai. Total 0 file dihapus.

[2/2] Membersihkan Notifikasi Lama...
Selesai. Total 0 notifikasi dihapus dari database.

=== CLEANUP SELESAI PADA: 2025-12-25 10:16:26 WIB ===
--------------------------------------------------------

========================================================
LOG START: 2025-12-25 10:22:36 WIB
========================================================
[1/2] Membersihkan Folder Temp...
Selesai. Total 0 file dihapus.

[2/2] Membersihkan Notifikasi Lama...
Selesai. Total 0 notifikasi dihapus dari database.

=== CLEANUP SELESAI PADA: 2025-12-25 10:22:37 WIB ===
--------------------------------------------------------

========================================================
LOG START: 2025-12-25 10:22:55 WIB
========================================================
[1/2] Membersihkan Folder Temp...
Selesai. Total 0 file dihapus.

[2/2] Membersihkan Notifikasi Lama...
Selesai. Total 0 notifikasi dihapus dari database.

=== CLEANUP SELESAI PADA: 2025-12-25 10:22:55 WIB ===
--------------------------------------------------------

========================================================
LOG START: 2025-12-25 10:44:03 WIB
========================================================
[1/2] Membersihkan Folder Temp...
Selesai. Total 0 file dihapus.

[2/2] Membersihkan Notifikasi Lama...
Selesai. Total 0 notifikasi dihapus dari database.

=== CLEANUP SELESAI PADA: 2025-12-25 10:44:05 WIB ===
--------------------------------------------------------

========================================================
LOG START: 2025-12-25 11:04:54 WIB
========================================================
[1/2] Membersihkan Folder Temp...
Selesai. Total 0 file dihapus.

[2/2] Membersihkan Notifikasi Lama...
Selesai. Total 0 notifikasi dihapus dari database.

=== CLEANUP SELESAI PADA: 2025-12-25 11:04:55 WIB ===
--------------------------------------------------------

========================================================
LOG START: 2025-12-25 11:15:45 WIB
========================================================
[1/2] Membersihkan Folder Temp...
Selesai. Total 0 file dihapus.

[2/2] Membersihkan Notifikasi Lama...
Selesai. Total 0 notifikasi dihapus dari database.

=== CLEANUP SELESAI PADA: 2025-12-25 11:15:45 WIB ===
--------------------------------------------------------

========================================================
LOG START: 2025-12-25 11:16:26 WIB
========================================================
[1/2] Membersihkan Folder Temp...
Selesai. Total 0 file dihapus.

[2/2] Membersihkan Notifikasi Lama...
Selesai. Total 0 notifikasi dihapus dari database.

=== CLEANUP SELESAI PADA: 2025-12-25 11:16:27 WIB ===
--------------------------------------------------------

========================================================
LOG START: 2025-12-25 11:22:37 WIB
========================================================
[1/2] Membersihkan Folder Temp...
Selesai. Total 0 file dihapus.

[2/2] Membersihkan Notifikasi Lama...
Selesai. Total 0 notifikasi dihapus dari database.

=== CLEANUP SELESAI PADA: 2025-12-25 11:22:37 WIB ===
--------------------------------------------------------

========================================================
LOG START: 2025-12-25 11:22:55 WIB
========================================================
[1/2] Membersihkan Folder Temp...
Selesai. Total 0 file dihapus.

[2/2] Membersihkan Notifikasi Lama...
Selesai. Total 0 notifikasi dihapus dari database.

=== CLEANUP SELESAI PADA: 2025-12-25 11:22:55 WIB ===
--------------------------------------------------------

========================================================
LOG START: 2025-12-25 11:44:03 WIB
========================================================
[1/2] Membersihkan Folder Temp...
Selesai. Total 0 file dihapus.

[2/2] Membersihkan Notifikasi Lama...
Selesai. Total 0 notifikasi dihapus dari database.

=== CLEANUP SELESAI PADA: 2025-12-25 11:44:04 WIB ===
--------------------------------------------------------

========================================================
LOG START: 2025-12-25 12:04:54 WIB
========================================================
[1/2] Membersihkan Folder Temp...
Selesai. Total 0 file dihapus.

[2/2] Membersihkan Notifikasi Lama...
Selesai. Total 0 notifikasi dihapus dari database.

=== CLEANUP SELESAI PADA: 2025-12-25 12:04:55 WIB ===
--------------------------------------------------------

========================================================
LOG START: 2025-12-25 12:15:45 WIB
========================================================
[1/2] Membersihkan Folder Temp...
Selesai. Total 0 file dihapus.

[2/2] Membersihkan Notifikasi Lama...
Selesai. Total 0 notifikasi dihapus dari database.

=== CLEANUP SELESAI PADA: 2025-12-25 12:15:45 WIB ===
--------------------------------------------------------

========================================================
LOG START: 2025-12-25 12:16:26 WIB
========================================================
[1/2] Membersihkan Folder Temp...
Selesai. Total 0 file dihapus.

[2/2] Membersihkan Notifikasi Lama...
Selesai. Total 0 notifikasi dihapus dari database.

=== CLEANUP SELESAI PADA: 2025-12-25 12:16:26 WIB ===
--------------------------------------------------------

========================================================
LOG START: 2025-12-25 12:22:37 WIB
========================================================
[1/2] Membersihkan Folder Temp...
Selesai. Total 0 file dihapus.

[2/2] Membersihkan Notifikasi Lama...
Selesai. Total 0 notifikasi dihapus dari database.

=== CLEANUP SELESAI PADA: 2025-12-25 12:22:38 WIB ===
--------------------------------------------------------

========================================================
LOG START: 2025-12-25 12:22:55 WIB
========================================================
[1/2] Membersihkan Folder Temp...
Selesai. Total 0 file dihapus.

[2/2] Membersihkan Notifikasi Lama...
Selesai. Total 0 notifikasi dihapus dari database.

=== CLEANUP SELESAI PADA: 2025-12-25 12:22:55 WIB ===
--------------------------------------------------------

========================================================
LOG START: 2025-12-25 12:44:04 WIB
========================================================
[1/2] Membersihkan Folder Temp...
Selesai. Total 0 file dihapus.

[2/2] Membersihkan Notifikasi Lama...
Selesai. Total 0 notifikasi dihapus dari database.

=== CLEANUP SELESAI PADA: 2025-12-25 12:44:04 WIB ===
--------------------------------------------------------

========================================================
LOG START: 2025-12-26 10:10:52 WIB
========================================================
[1/2] Membersihkan Folder Temp...
Selesai. Total 0 file dihapus.

[2/2] Membersihkan Notifikasi Lama...
Selesai. Total 2 notifikasi dihapus dari database.

=== CLEANUP SELESAI PADA: 2025-12-26 10:11:00 WIB ===
--------------------------------------------------------

========================================================
LOG START: 2025-12-26 10:15:45 WIB
========================================================
[1/2] Membersihkan Folder Temp...
Selesai. Total 0 file dihapus.

[2/2] Membersihkan Notifikasi Lama...
Selesai. Total 0 notifikasi dihapus dari database.

=== CLEANUP SELESAI PADA: 2025-12-26 10:15:46 WIB ===
--------------------------------------------------------

========================================================
LOG START: 2025-12-26 10:16:27 WIB
========================================================
[1/2] Membersihkan Folder Temp...
Selesai. Total 0 file dihapus.

[2/2] Membersihkan Notifikasi Lama...
Selesai. Total 0 notifikasi dihapus dari database.

=== CLEANUP SELESAI PADA: 2025-12-26 10:16:28 WIB ===
--------------------------------------------------------

========================================================
LOG START: 2025-12-26 10:22:37 WIB
========================================================
[1/2] Membersihkan Folder Temp...
Selesai. Total 0 file dihapus.

[2/2] Membersihkan Notifikasi Lama...
Selesai. Total 0 notifikasi dihapus dari database.

=== CLEANUP SELESAI PADA: 2025-12-26 10:22:38 WIB ===
--------------------------------------------------------

========================================================
LOG START: 2025-12-26 10:22:55 WIB
========================================================
[1/2] Membersihkan Folder Temp...
Selesai. Total 0 file dihapus.

[2/2] Membersihkan Notifikasi Lama...
Selesai. Total 0 notifikasi dihapus dari database.

=== CLEANUP SELESAI PADA: 2025-12-26 10:22:55 WIB ===
--------------------------------------------------------

========================================================
LOG START: 2025-12-26 10:44:03 WIB
========================================================
[1/2] Membersihkan Folder Temp...
Selesai. Total 0 file dihapus.

[2/2] Membersihkan Notifikasi Lama...
Selesai. Total 0 notifikasi dihapus dari database.

=== CLEANUP SELESAI PADA: 2025-12-26 10:44:04 WIB ===
--------------------------------------------------------

========================================================
LOG START: 2025-12-26 11:04:55 WIB
========================================================
[1/2] Membersihkan Folder Temp...
Selesai. Total 0 file dihapus.

[2/2] Membersihkan Notifikasi Lama...
Selesai. Total 0 notifikasi dihapus dari database.

=== CLEANUP SELESAI PADA: 2025-12-26 11:04:56 WIB ===
--------------------------------------------------------

========================================================
LOG START: 2025-12-26 11:10:48 WIB
========================================================
[1/2] Membersihkan Folder Temp...
Selesai. Total 0 file dihapus.

[2/2] Membersihkan Notifikasi Lama...
Selesai. Total 0 notifikasi dihapus dari database.

=== CLEANUP SELESAI PADA: 2025-12-26 11:10:48 WIB ===
--------------------------------------------------------

========================================================
LOG START: 2025-12-26 11:15:44 WIB
========================================================
[1/2] Membersihkan Folder Temp...
Selesai. Total 0 file dihapus.

[2/2] Membersihkan Notifikasi Lama...
Selesai. Total 0 notifikasi dihapus dari database.

=== CLEANUP SELESAI PADA: 2025-12-26 11:15:45 WIB ===
--------------------------------------------------------

========================================================
LOG START: 2025-12-26 11:16:49 WIB
========================================================
[1/2] Membersihkan Folder Temp...
Selesai. Total 0 file dihapus.

[2/2] Membersihkan Notifikasi Lama...
Selesai. Total 0 notifikasi dihapus dari database.

=== CLEANUP SELESAI PADA: 2025-12-26 11:17:16 WIB ===
--------------------------------------------------------

========================================================
LOG START: 2025-12-26 11:22:37 WIB
========================================================
[1/2] Membersihkan Folder Temp...
Selesai. Total 0 file dihapus.

[2/2] Membersihkan Notifikasi Lama...
Selesai. Total 0 notifikasi dihapus dari database.

=== CLEANUP SELESAI PADA: 2025-12-26 11:22:37 WIB ===
--------------------------------------------------------

========================================================
LOG START: 2025-12-26 11:22:55 WIB
========================================================
[1/2] Membersihkan Folder Temp...
Selesai. Total 0 file dihapus.

[2/2] Membersihkan Notifikasi Lama...
Selesai. Total 0 notifikasi dihapus dari database.

=== CLEANUP SELESAI PADA: 2025-12-26 11:22:55 WIB ===
--------------------------------------------------------

========================================================
LOG START: 2025-12-26 11:44:04 WIB
========================================================
[1/2] Membersihkan Folder Temp...
Selesai. Total 0 file dihapus.

[2/2] Membersihkan Notifikasi Lama...
Selesai. Total 0 notifikasi dihapus dari database.

=== CLEANUP SELESAI PADA: 2025-12-26 11:44:04 WIB ===
--------------------------------------------------------

========================================================
LOG START: 2025-12-26 12:04:55 WIB
========================================================
[1/2] Membersihkan Folder Temp...
Selesai. Total 0 file dihapus.

[2/2] Membersihkan Notifikasi Lama...
Selesai. Total 0 notifikasi dihapus dari database.

=== CLEANUP SELESAI PADA: 2025-12-26 12:04:56 WIB ===
--------------------------------------------------------

========================================================
LOG START: 2025-12-26 12:10:48 WIB
========================================================
[1/2] Membersihkan Folder Temp...
Selesai. Total 0 file dihapus.

[2/2] Membersihkan Notifikasi Lama...
Selesai. Total 0 notifikasi dihapus dari database.

=== CLEANUP SELESAI PADA: 2025-12-26 12:10:50 WIB ===
--------------------------------------------------------

========================================================
LOG START: 2025-12-26 12:15:45 WIB
========================================================
[1/2] Membersihkan Folder Temp...
Selesai. Total 0 file dihapus.

[2/2] Membersihkan Notifikasi Lama...
Selesai. Total 0 notifikasi dihapus dari database.

=== CLEANUP SELESAI PADA: 2025-12-26 12:15:45 WIB ===
--------------------------------------------------------

========================================================
LOG START: 2025-12-26 12:16:26 WIB
========================================================
[1/2] Membersihkan Folder Temp...
Selesai. Total 0 file dihapus.

[2/2] Membersihkan Notifikasi Lama...
Selesai. Total 0 notifikasi dihapus dari database.

=== CLEANUP SELESAI PADA: 2025-12-26 12:16:26 WIB ===
--------------------------------------------------------

========================================================
LOG START: 2025-12-26 12:22:36 WIB
========================================================
[1/2] Membersihkan Folder Temp...
Selesai. Total 0 file dihapus.

[2/2] Membersihkan Notifikasi Lama...
Selesai. Total 0 notifikasi dihapus dari database.

=== CLEANUP SELESAI PADA: 2025-12-26 12:22:37 WIB ===
--------------------------------------------------------

========================================================
LOG START: 2025-12-26 12:22:55 WIB
========================================================
[1/2] Membersihkan Folder Temp...
Selesai. Total 0 file dihapus.

[2/2] Membersihkan Notifikasi Lama...
Selesai. Total 0 notifikasi dihapus dari database.

=== CLEANUP SELESAI PADA: 2025-12-26 12:22:55 WIB ===
--------------------------------------------------------

========================================================
LOG START: 2025-12-26 12:44:03 WIB
========================================================
[1/2] Membersihkan Folder Temp...
Selesai. Total 0 file dihapus.

[2/2] Membersihkan Notifikasi Lama...
Selesai. Total 0 notifikasi dihapus dari database.

=== CLEANUP SELESAI PADA: 2025-12-26 12:44:03 WIB ===
--------------------------------------------------------

========================================================
LOG START: 2025-12-27 10:44:55 WIB
========================================================
[1/2] Membersihkan Folder Temp...
Selesai. Total 0 file dihapus.

[2/2] Membersihkan Notifikasi Lama...
Selesai. Total 0 notifikasi dihapus dari database.

=== CLEANUP SELESAI PADA: 2025-12-27 10:45:04 WIB ===
--------------------------------------------------------

========================================================
LOG START: 2025-12-27 11:05:00 WIB
========================================================
[1/2] Membersihkan Folder Temp...
Selesai. Total 0 file dihapus.

[2/2] Membersihkan Notifikasi Lama...
Selesai. Total 0 notifikasi dihapus dari database.

=== CLEANUP SELESAI PADA: 2025-12-27 11:05:11 WIB ===
--------------------------------------------------------

========================================================
LOG START: 2025-12-27 11:10:48 WIB
========================================================
[1/2] Membersihkan Folder Temp...
Selesai. Total 0 file dihapus.

[2/2] Membersihkan Notifikasi Lama...
Selesai. Total 0 notifikasi dihapus dari database.

=== CLEANUP SELESAI PADA: 2025-12-27 11:10:49 WIB ===
--------------------------------------------------------

========================================================
LOG START: 2025-12-27 11:15:44 WIB
========================================================
[1/2] Membersihkan Folder Temp...
Selesai. Total 0 file dihapus.

[2/2] Membersihkan Notifikasi Lama...
Selesai. Total 0 notifikasi dihapus dari database.

=== CLEANUP SELESAI PADA: 2025-12-27 11:15:45 WIB ===
--------------------------------------------------------

========================================================
LOG START: 2025-12-27 11:16:26 WIB
========================================================
[1/2] Membersihkan Folder Temp...
Selesai. Total 0 file dihapus.

[2/2] Membersihkan Notifikasi Lama...
Selesai. Total 0 notifikasi dihapus dari database.

=== CLEANUP SELESAI PADA: 2025-12-27 11:16:26 WIB ===
--------------------------------------------------------

========================================================
LOG START: 2025-12-27 11:22:37 WIB
========================================================
[1/2] Membersihkan Folder Temp...
Selesai. Total 0 file dihapus.

[2/2] Membersihkan Notifikasi Lama...
Selesai. Total 0 notifikasi dihapus dari database.

=== CLEANUP SELESAI PADA: 2025-12-27 11:22:38 WIB ===
--------------------------------------------------------

========================================================
LOG START: 2025-12-27 11:22:55 WIB
========================================================
[1/2] Membersihkan Folder Temp...
Selesai. Total 0 file dihapus.

[2/2] Membersihkan Notifikasi Lama...
Selesai. Total 0 notifikasi dihapus dari database.

=== CLEANUP SELESAI PADA: 2025-12-27 11:22:55 WIB ===
--------------------------------------------------------

========================================================
LOG START: 2025-12-27 11:44:04 WIB
========================================================
[1/2] Membersihkan Folder Temp...
Selesai. Total 0 file dihapus.

[2/2] Membersihkan Notifikasi Lama...
Selesai. Total 0 notifikasi dihapus dari database.

=== CLEANUP SELESAI PADA: 2025-12-27 11:44:04 WIB ===
--------------------------------------------------------

========================================================
LOG START: 2025-12-27 12:04:55 WIB
========================================================
[1/2] Membersihkan Folder Temp...
Selesai. Total 0 file dihapus.

[2/2] Membersihkan Notifikasi Lama...
Selesai. Total 0 notifikasi dihapus dari database.

=== CLEANUP SELESAI PADA: 2025-12-27 12:04:56 WIB ===
--------------------------------------------------------

========================================================
LOG START: 2025-12-27 12:10:48 WIB
========================================================
[1/2] Membersihkan Folder Temp...
Selesai. Total 0 file dihapus.

[2/2] Membersihkan Notifikasi Lama...
Selesai. Total 0 notifikasi dihapus dari database.

=== CLEANUP SELESAI PADA: 2025-12-27 12:10:48 WIB ===
--------------------------------------------------------

========================================================
LOG START: 2025-12-27 12:15:44 WIB
========================================================
[1/2] Membersihkan Folder Temp...
Selesai. Total 0 file dihapus.

[2/2] Membersihkan Notifikasi Lama...
Selesai. Total 0 notifikasi dihapus dari database.

=== CLEANUP SELESAI PADA: 2025-12-27 12:15:45 WIB ===
--------------------------------------------------------

========================================================
LOG START: 2025-12-27 12:16:26 WIB
========================================================
[1/2] Membersihkan Folder Temp...
Selesai. Total 0 file dihapus.

[2/2] Membersihkan Notifikasi Lama...
Selesai. Total 0 notifikasi dihapus dari database.

=== CLEANUP SELESAI PADA: 2025-12-27 12:16:26 WIB ===
--------------------------------------------------------

========================================================
LOG START: 2025-12-27 12:22:36 WIB
========================================================
[1/2] Membersihkan Folder Temp...
Selesai. Total 0 file dihapus.

[2/2] Membersihkan Notifikasi Lama...
Selesai. Total 0 notifikasi dihapus dari database.

=== CLEANUP SELESAI PADA: 2025-12-27 12:22:37 WIB ===
--------------------------------------------------------

========================================================
LOG START: 2025-12-27 12:22:55 WIB
========================================================
[1/2] Membersihkan Folder Temp...
Selesai. Total 0 file dihapus.

[2/2] Membersihkan Notifikasi Lama...
Selesai. Total 0 notifikasi dihapus dari database.

=== CLEANUP SELESAI PADA: 2025-12-27 12:22:55 WIB ===
--------------------------------------------------------

========================================================
LOG START: 2025-12-27 13:01:31 WIB
========================================================
[1/2] Membersihkan Folder Temp...
Selesai. Total 0 file dihapus.

[2/2] Membersihkan Notifikasi Lama...
Selesai. Total 0 notifikasi dihapus dari database.

=== CLEANUP SELESAI PADA: 2025-12-27 13:01:41 WIB ===
--------------------------------------------------------

========================================================
LOG START: 2025-12-27 13:04:54 WIB
========================================================
[1/2] Membersihkan Folder Temp...
Selesai. Total 0 file dihapus.

[2/2] Membersihkan Notifikasi Lama...
Selesai. Total 0 notifikasi dihapus dari database.

=== CLEANUP SELESAI PADA: 2025-12-27 13:04:55 WIB ===
--------------------------------------------------------

========================================================
LOG START: 2025-12-27 13:10:48 WIB
========================================================
[1/2] Membersihkan Folder Temp...
Selesai. Total 0 file dihapus.

[2/2] Membersihkan Notifikasi Lama...
Selesai. Total 0 notifikasi dihapus dari database.

=== CLEANUP SELESAI PADA: 2025-12-27 13:10:49 WIB ===
--------------------------------------------------------

========================================================
LOG START: 2025-12-27 13:15:45 WIB
========================================================
[1/2] Membersihkan Folder Temp...
Selesai. Total 0 file dihapus.

[2/2] Membersihkan Notifikasi Lama...
Selesai. Total 0 notifikasi dihapus dari database.

=== CLEANUP SELESAI PADA: 2025-12-27 13:15:46 WIB ===
--------------------------------------------------------

========================================================
LOG START: 2025-12-27 13:16:26 WIB
========================================================
[1/2] Membersihkan Folder Temp...
Selesai. Total 0 file dihapus.

[2/2] Membersihkan Notifikasi Lama...
Selesai. Total 0 notifikasi dihapus dari database.

=== CLEANUP SELESAI PADA: 2025-12-27 13:16:27 WIB ===
--------------------------------------------------------

========================================================
LOG START: 2025-12-27 13:22:37 WIB
========================================================
[1/2] Membersihkan Folder Temp...
Selesai. Total 0 file dihapus.

[2/2] Membersihkan Notifikasi Lama...
Selesai. Total 0 notifikasi dihapus dari database.

=== CLEANUP SELESAI PADA: 2025-12-27 13:22:38 WIB ===
--------------------------------------------------------

========================================================
LOG START: 2025-12-27 13:22:55 WIB
========================================================
[1/2] Membersihkan Folder Temp...
Selesai. Total 0 file dihapus.

[2/2] Membersihkan Notifikasi Lama...
Selesai. Total 0 notifikasi dihapus dari database.

=== CLEANUP SELESAI PADA: 2025-12-27 13:22:55 WIB ===
--------------------------------------------------------

========================================================
LOG START: 2025-12-27 13:44:07 WIB
========================================================
[1/2] Membersihkan Folder Temp...
Selesai. Total 0 file dihapus.

[2/2] Membersihkan Notifikasi Lama...
Selesai. Total 0 notifikasi dihapus dari database.

=== CLEANUP SELESAI PADA: 2025-12-27 13:44:09 WIB ===
--------------------------------------------------------

========================================================
LOG START: 2025-12-27 14:04:55 WIB
========================================================
[1/2] Membersihkan Folder Temp...
Selesai. Total 0 file dihapus.

[2/2] Membersihkan Notifikasi Lama...
Selesai. Total 0 notifikasi dihapus dari database.

=== CLEANUP SELESAI PADA: 2025-12-27 14:04:57 WIB ===
--------------------------------------------------------

========================================================
LOG START: 2025-12-27 14:10:48 WIB
========================================================
[1/2] Membersihkan Folder Temp...
Selesai. Total 0 file dihapus.

[2/2] Membersihkan Notifikasi Lama...
Selesai. Total 0 notifikasi dihapus dari database.

=== CLEANUP SELESAI PADA: 2025-12-27 14:10:50 WIB ===
--------------------------------------------------------

========================================================
LOG START: 2025-12-27 14:15:44 WIB
========================================================
[1/2] Membersihkan Folder Temp...
Selesai. Total 0 file dihapus.

[2/2] Membersihkan Notifikasi Lama...
Selesai. Total 0 notifikasi dihapus dari database.

=== CLEANUP SELESAI PADA: 2025-12-27 14:15:45 WIB ===
--------------------------------------------------------

========================================================
LOG START: 2025-12-27 14:16:26 WIB
========================================================
[1/2] Membersihkan Folder Temp...
Selesai. Total 0 file dihapus.

[2/2] Membersihkan Notifikasi Lama...
Selesai. Total 0 notifikasi dihapus dari database.

=== CLEANUP SELESAI PADA: 2025-12-27 14:16:26 WIB ===
--------------------------------------------------------

========================================================
LOG START: 2025-12-27 14:22:37 WIB
========================================================
[1/2] Membersihkan Folder Temp...
Selesai. Total 0 file dihapus.

[2/2] Membersihkan Notifikasi Lama...
Selesai. Total 0 notifikasi dihapus dari database.

=== CLEANUP SELESAI PADA: 2025-12-27 14:22:38 WIB ===
--------------------------------------------------------

========================================================
LOG START: 2025-12-27 14:22:55 WIB
========================================================
[1/2] Membersihkan Folder Temp...
Selesai. Total 0 file dihapus.

[2/2] Membersihkan Notifikasi Lama...
Selesai. Total 0 notifikasi dihapus dari database.

=== CLEANUP SELESAI PADA: 2025-12-27 14:22:55 WIB ===
--------------------------------------------------------

========================================================
LOG START: 2025-12-27 14:44:03 WIB
========================================================
[1/2] Membersihkan Folder Temp...
Selesai. Total 0 file dihapus.

[2/2] Membersihkan Notifikasi Lama...
Selesai. Total 0 notifikasi dihapus dari database.

=== CLEANUP SELESAI PADA: 2025-12-27 14:44:04 WIB ===
--------------------------------------------------------

========================================================
LOG START: 2025-12-27 15:04:55 WIB
========================================================
[1/2] Membersihkan Folder Temp...
Selesai. Total 0 file dihapus.

[2/2] Membersihkan Notifikasi Lama...
Selesai. Total 0 notifikasi dihapus dari database.

=== CLEANUP SELESAI PADA: 2025-12-27 15:04:56 WIB ===
--------------------------------------------------------

========================================================
LOG START: 2025-12-27 15:10:48 WIB
========================================================
[1/2] Membersihkan Folder Temp...
Selesai. Total 0 file dihapus.

[2/2] Membersihkan Notifikasi Lama...
Selesai. Total 0 notifikasi dihapus dari database.

=== CLEANUP SELESAI PADA: 2025-12-27 15:10:49 WIB ===
--------------------------------------------------------

========================================================
LOG START: 2025-12-27 15:15:45 WIB
========================================================
[1/2] Membersihkan Folder Temp...
Selesai. Total 0 file dihapus.

[2/2] Membersihkan Notifikasi Lama...
Selesai. Total 0 notifikasi dihapus dari database.

=== CLEANUP SELESAI PADA: 2025-12-27 15:15:46 WIB ===
--------------------------------------------------------

========================================================
LOG START: 2025-12-27 15:16:26 WIB
========================================================
[1/2] Membersihkan Folder Temp...
Selesai. Total 0 file dihapus.

[2/2] Membersihkan Notifikasi Lama...
Selesai. Total 0 notifikasi dihapus dari database.

=== CLEANUP SELESAI PADA: 2025-12-27 15:16:26 WIB ===
--------------------------------------------------------

========================================================
LOG START: 2025-12-27 15:22:37 WIB
========================================================
[1/2] Membersihkan Folder Temp...
Selesai. Total 0 file dihapus.

[2/2] Membersihkan Notifikasi Lama...
Selesai. Total 0 notifikasi dihapus dari database.

=== CLEANUP SELESAI PADA: 2025-12-27 15:22:38 WIB ===
--------------------------------------------------------

========================================================
LOG START: 2025-12-27 15:22:55 WIB
========================================================
[1/2] Membersihkan Folder Temp...
Selesai. Total 0 file dihapus.

[2/2] Membersihkan Notifikasi Lama...
Selesai. Total 0 notifikasi dihapus dari database.

=== CLEANUP SELESAI PADA: 2025-12-27 15:22:55 WIB ===
--------------------------------------------------------

========================================================
LOG START: 2025-12-28 11:12:14 WIB
========================================================
[1/2] Membersihkan Folder Temp...
Selesai. Total 0 file dihapus.

[2/2] Membersihkan Notifikasi Lama...
Selesai. Total 0 notifikasi dihapus dari database.

=== CLEANUP SELESAI PADA: 2025-12-28 11:12:20 WIB ===
--------------------------------------------------------

========================================================
LOG START: 2025-12-28 12:04:56 WIB
========================================================
[1/2] Membersihkan Folder Temp...
Selesai. Total 0 file dihapus.

[2/2] Membersihkan Notifikasi Lama...
Selesai. Total 0 notifikasi dihapus dari database.

=== CLEANUP SELESAI PADA: 2025-12-28 12:04:59 WIB ===
--------------------------------------------------------

========================================================
LOG START: 2025-12-28 12:12:11 WIB
========================================================
[1/2] Membersihkan Folder Temp...
Selesai. Total 0 file dihapus.

[2/2] Membersihkan Notifikasi Lama...
Selesai. Total 0 notifikasi dihapus dari database.

=== CLEANUP SELESAI PADA: 2025-12-28 12:12:11 WIB ===
--------------------------------------------------------

========================================================
LOG START: 2025-12-28 13:04:57 WIB
========================================================
[1/2] Membersihkan Folder Temp...
Selesai. Total 0 file dihapus.

[2/2] Membersihkan Notifikasi Lama...
Selesai. Total 0 notifikasi dihapus dari database.

=== CLEANUP SELESAI PADA: 2025-12-28 13:05:03 WIB ===
--------------------------------------------------------

========================================================
LOG START: 2025-12-28 13:12:11 WIB
========================================================
[1/2] Membersihkan Folder Temp...
Selesai. Total 0 file dihapus.

[2/2] Membersihkan Notifikasi Lama...
Selesai. Total 0 notifikasi dihapus dari database.

=== CLEANUP SELESAI PADA: 2025-12-28 13:12:12 WIB ===
--------------------------------------------------------

========================================================
LOG START: 2025-12-28 14:04:54 WIB
========================================================
[1/2] Membersihkan Folder Temp...
Selesai. Total 0 file dihapus.

[2/2] Membersihkan Notifikasi Lama...
Selesai. Total 0 notifikasi dihapus dari database.

=== CLEANUP SELESAI PADA: 2025-12-28 14:04:55 WIB ===
--------------------------------------------------------

========================================================
LOG START: 2025-12-28 14:12:11 WIB
========================================================
[1/2] Membersihkan Folder Temp...
Selesai. Total 0 file dihapus.

[2/2] Membersihkan Notifikasi Lama...
Selesai. Total 0 notifikasi dihapus dari database.

=== CLEANUP SELESAI PADA: 2025-12-28 14:12:11 WIB ===
--------------------------------------------------------

========================================================
LOG START: 2025-12-28 15:04:56 WIB
========================================================
[1/2] Membersihkan Folder Temp...
Selesai. Total 0 file dihapus.

[2/2] Membersihkan Notifikasi Lama...
Selesai. Total 0 notifikasi dihapus dari database.

=== CLEANUP SELESAI PADA: 2025-12-28 15:04:59 WIB ===
--------------------------------------------------------

========================================================
LOG START: 2025-12-28 15:12:11 WIB
========================================================
[1/2] Membersihkan Folder Temp...
Selesai. Total 0 file dihapus.

[2/2] Membersihkan Notifikasi Lama...
Selesai. Total 0 notifikasi dihapus dari database.

=== CLEANUP SELESAI PADA: 2025-12-28 15:12:12 WIB ===
--------------------------------------------------------

========================================================
LOG START: 2025-12-28 16:04:54 WIB
========================================================
[1/2] Membersihkan Folder Temp...
Selesai. Total 0 file dihapus.

[2/2] Membersihkan Notifikasi Lama...
Selesai. Total 0 notifikasi dihapus dari database.

=== CLEANUP SELESAI PADA: 2025-12-28 16:04:55 WIB ===
--------------------------------------------------------

========================================================
LOG START: 2025-12-28 16:12:11 WIB
========================================================
[1/2] Membersihkan Folder Temp...
Selesai. Total 0 file dihapus.

[2/2] Membersihkan Notifikasi Lama...
Selesai. Total 0 notifikasi dihapus dari database.

=== CLEANUP SELESAI PADA: 2025-12-28 16:12:12 WIB ===
--------------------------------------------------------

========================================================
LOG START: 2025-12-28 17:04:55 WIB
========================================================
[1/2] Membersihkan Folder Temp...
Selesai. Total 0 file dihapus.

[2/2] Membersihkan Notifikasi Lama...
Selesai. Total 0 notifikasi dihapus dari database.

=== CLEANUP SELESAI PADA: 2025-12-28 17:04:56 WIB ===
--------------------------------------------------------

========================================================
LOG START: 2025-12-28 17:12:11 WIB
========================================================
[1/2] Membersihkan Folder Temp...
Selesai. Total 0 file dihapus.

[2/2] Membersihkan Notifikasi Lama...
Selesai. Total 0 notifikasi dihapus dari database.

=== CLEANUP SELESAI PADA: 2025-12-28 17:12:12 WIB ===
--------------------------------------------------------

========================================================
LOG START: 2025-12-28 18:04:54 WIB
========================================================
[1/2] Membersihkan Folder Temp...
Selesai. Total 0 file dihapus.

[2/2] Membersihkan Notifikasi Lama...
Selesai. Total 0 notifikasi dihapus dari database.

=== CLEANUP SELESAI PADA: 2025-12-28 18:04:55 WIB ===
--------------------------------------------------------

========================================================
LOG START: 2025-12-28 18:12:11 WIB
========================================================
[1/2] Membersihkan Folder Temp...
Selesai. Total 0 file dihapus.

[2/2] Membersihkan Notifikasi Lama...
Selesai. Total 0 notifikasi dihapus dari database.

=== CLEANUP SELESAI PADA: 2025-12-28 18:12:12 WIB ===
--------------------------------------------------------

========================================================
LOG START: 2025-12-28 19:11:51 WIB
========================================================
[1/2] Membersihkan Folder Temp...
Selesai. Total 0 file dihapus.

[2/2] Membersihkan Notifikasi Lama...
Selesai. Total 0 notifikasi dihapus dari database.

=== CLEANUP SELESAI PADA: 2025-12-28 19:11:54 WIB ===
--------------------------------------------------------

========================================================
LOG START: 2025-12-28 19:12:11 WIB
========================================================
[1/2] Membersihkan Folder Temp...
Selesai. Total 0 file dihapus.

[2/2] Membersihkan Notifikasi Lama...
Selesai. Total 0 notifikasi dihapus dari database.

=== CLEANUP SELESAI PADA: 2025-12-28 19:12:11 WIB ===
--------------------------------------------------------

========================================================
LOG START: 2025-12-29 11:27:15 WIB
========================================================
[1/2] Membersihkan Folder Temp...
Selesai. Total 0 file dihapus.

[2/2] Membersihkan Notifikasi Lama...
Selesai. Total 0 notifikasi dihapus dari database.

=== CLEANUP SELESAI PADA: 2025-12-29 11:27:23 WIB ===
--------------------------------------------------------

========================================================
LOG START: 2025-12-29 12:31:27 WIB
========================================================
[1/2] Membersihkan Folder Temp...
Selesai. Total 0 file dihapus.

[2/2] Membersihkan Notifikasi Lama...
Selesai. Total 0 notifikasi dihapus dari database.

=== CLEANUP SELESAI PADA: 2025-12-29 12:31:32 WIB ===
--------------------------------------------------------

========================================================
LOG START: 2025-12-29 13:16:53 WIB
========================================================
[1/2] Membersihkan Folder Temp...
Selesai. Total 0 file dihapus.

[2/2] Membersihkan Notifikasi Lama...
Selesai. Total 0 notifikasi dihapus dari database.

=== CLEANUP SELESAI PADA: 2025-12-29 13:16:54 WIB ===
--------------------------------------------------------

========================================================
LOG START: 2025-12-29 13:27:12 WIB
========================================================
[1/2] Membersihkan Folder Temp...
Selesai. Total 0 file dihapus.

[2/2] Membersihkan Notifikasi Lama...
Selesai. Total 0 notifikasi dihapus dari database.

=== CLEANUP SELESAI PADA: 2025-12-29 13:27:13 WIB ===
--------------------------------------------------------

========================================================
LOG START: 2025-12-29 14:04:55 WIB
========================================================
[1/2] Membersihkan Folder Temp...
Selesai. Total 0 file dihapus.

[2/2] Membersihkan Notifikasi Lama...
Selesai. Total 0 notifikasi dihapus dari database.

=== CLEANUP SELESAI PADA: 2025-12-29 14:04:57 WIB ===
--------------------------------------------------------

========================================================
LOG START: 2025-12-29 14:12:11 WIB
========================================================
[1/2] Membersihkan Folder Temp...
Selesai. Total 0 file dihapus.

[2/2] Membersihkan Notifikasi Lama...
Selesai. Total 0 notifikasi dihapus dari database.

=== CLEANUP SELESAI PADA: 2025-12-29 14:12:11 WIB ===
--------------------------------------------------------

========================================================
LOG START: 2025-12-29 14:27:12 WIB
========================================================
[1/2] Membersihkan Folder Temp...
Selesai. Total 0 file dihapus.

[2/2] Membersihkan Notifikasi Lama...
Selesai. Total 0 notifikasi dihapus dari database.

=== CLEANUP SELESAI PADA: 2025-12-29 14:27:12 WIB ===
--------------------------------------------------------

========================================================
LOG START: 2025-12-29 15:04:55 WIB
========================================================
[1/2] Membersihkan Folder Temp...
Selesai. Total 0 file dihapus.

[2/2] Membersihkan Notifikasi Lama...
Selesai. Total 0 notifikasi dihapus dari database.

=== CLEANUP SELESAI PADA: 2025-12-29 15:04:56 WIB ===
--------------------------------------------------------

========================================================
LOG START: 2025-12-29 15:12:11 WIB
========================================================
[1/2] Membersihkan Folder Temp...
Selesai. Total 0 file dihapus.

[2/2] Membersihkan Notifikasi Lama...
Selesai. Total 0 notifikasi dihapus dari database.

=== CLEANUP SELESAI PADA: 2025-12-29 15:12:11 WIB ===
--------------------------------------------------------

========================================================
LOG START: 2025-12-29 21:04:54 WIB
========================================================
[1/2] Membersihkan Folder Temp...
Selesai. Total 0 file dihapus.

[2/2] Membersihkan Notifikasi Lama...
Selesai. Total 17 notifikasi dihapus dari database.

=== CLEANUP SELESAI PADA: 2025-12-29 21:04:55 WIB ===
--------------------------------------------------------

========================================================
LOG START: 2025-12-29 21:12:11 WIB
========================================================
[1/2] Membersihkan Folder Temp...
Selesai. Total 0 file dihapus.

[2/2] Membersihkan Notifikasi Lama...
Selesai. Total 0 notifikasi dihapus dari database.

=== CLEANUP SELESAI PADA: 2025-12-29 21:12:11 WIB ===
--------------------------------------------------------

========================================================
LOG START: 2025-12-29 21:27:11 WIB
========================================================
[1/2] Membersihkan Folder Temp...
Selesai. Total 0 file dihapus.

[2/2] Membersihkan Notifikasi Lama...
Selesai. Total 0 notifikasi dihapus dari database.

=== CLEANUP SELESAI PADA: 2025-12-29 21:27:12 WIB ===
--------------------------------------------------------

========================================================
LOG START: 2025-12-29 22:04:54 WIB
========================================================
[1/2] Membersihkan Folder Temp...
Selesai. Total 0 file dihapus.

[2/2] Membersihkan Notifikasi Lama...
Selesai. Total 0 notifikasi dihapus dari database.

=== CLEANUP SELESAI PADA: 2025-12-29 22:04:55 WIB ===
--------------------------------------------------------

========================================================
LOG START: 2025-12-29 22:12:11 WIB
========================================================
[1/2] Membersihkan Folder Temp...
Selesai. Total 0 file dihapus.

[2/2] Membersihkan Notifikasi Lama...
Selesai. Total 0 notifikasi dihapus dari database.

=== CLEANUP SELESAI PADA: 2025-12-29 22:12:11 WIB ===
--------------------------------------------------------

========================================================
LOG START: 2025-12-29 22:27:11 WIB
========================================================
[1/2] Membersihkan Folder Temp...
Selesai. Total 0 file dihapus.

[2/2] Membersihkan Notifikasi Lama...
Selesai. Total 0 notifikasi dihapus dari database.

=== CLEANUP SELESAI PADA: 2025-12-29 22:27:12 WIB ===
--------------------------------------------------------

========================================================
LOG START: 2025-12-29 23:04:54 WIB
========================================================
[1/2] Membersihkan Folder Temp...
Selesai. Total 0 file dihapus.

[2/2] Membersihkan Notifikasi Lama...
Selesai. Total 0 notifikasi dihapus dari database.

=== CLEANUP SELESAI PADA: 2025-12-29 23:04:55 WIB ===
--------------------------------------------------------

========================================================
LOG START: 2025-12-29 23:12:11 WIB
========================================================
[1/2] Membersihkan Folder Temp...
Selesai. Total 0 file dihapus.

[2/2] Membersihkan Notifikasi Lama...
Selesai. Total 0 notifikasi dihapus dari database.

=== CLEANUP SELESAI PADA: 2025-12-29 23:12:11 WIB ===
--------------------------------------------------------

========================================================
LOG START: 2025-12-29 23:27:12 WIB
========================================================
[1/2] Membersihkan Folder Temp...
Selesai. Total 0 file dihapus.

[2/2] Membersihkan Notifikasi Lama...
Selesai. Total 0 notifikasi dihapus dari database.

=== CLEANUP SELESAI PADA: 2025-12-29 23:27:13 WIB ===
--------------------------------------------------------

========================================================
LOG START: 2025-12-30 00:04:56 WIB
========================================================
[1/2] Membersihkan Folder Temp...
Selesai. Total 0 file dihapus.

[2/2] Membersihkan Notifikasi Lama...
Selesai. Total 0 notifikasi dihapus dari database.

=== CLEANUP SELESAI PADA: 2025-12-30 00:05:01 WIB ===
--------------------------------------------------------

========================================================
LOG START: 2025-12-30 00:12:11 WIB
========================================================
[1/2] Membersihkan Folder Temp...
Selesai. Total 0 file dihapus.

[2/2] Membersihkan Notifikasi Lama...
Selesai. Total 0 notifikasi dihapus dari database.

=== CLEANUP SELESAI PADA: 2025-12-30 00:12:11 WIB ===
--------------------------------------------------------

========================================================
LOG START: 2025-12-30 13:37:50 WIB
========================================================
[1/2] Membersihkan Folder Temp...
Selesai. Total 0 file dihapus.

[2/2] Membersihkan Notifikasi Lama...
Selesai. Total 0 notifikasi dihapus dari database.

=== CLEANUP SELESAI PADA: 2025-12-30 13:38:04 WIB ===
--------------------------------------------------------

========================================================
LOG START: 2025-12-30 14:04:57 WIB
========================================================
[1/2] Membersihkan Folder Temp...
Selesai. Total 0 file dihapus.

[2/2] Membersihkan Notifikasi Lama...
Selesai. Total 0 notifikasi dihapus dari database.

=== CLEANUP SELESAI PADA: 2025-12-30 14:05:00 WIB ===
--------------------------------------------------------

========================================================
LOG START: 2025-12-30 14:12:11 WIB
========================================================
[1/2] Membersihkan Folder Temp...
Selesai. Total 0 file dihapus.

[2/2] Membersihkan Notifikasi Lama...
Selesai. Total 0 notifikasi dihapus dari database.

=== CLEANUP SELESAI PADA: 2025-12-30 14:12:12 WIB ===
--------------------------------------------------------

========================================================
LOG START: 2025-12-30 14:27:14 WIB
========================================================
[1/2] Membersihkan Folder Temp...
Selesai. Total 0 file dihapus.

[2/2] Membersihkan Notifikasi Lama...
Selesai. Total 0 notifikasi dihapus dari database.

=== CLEANUP SELESAI PADA: 2025-12-30 14:27:21 WIB ===
--------------------------------------------------------

========================================================
LOG START: 2025-12-30 15:04:54 WIB
========================================================
[1/2] Membersihkan Folder Temp...
Selesai. Total 0 file dihapus.

[2/2] Membersihkan Notifikasi Lama...
Selesai. Total 0 notifikasi dihapus dari database.

=== CLEANUP SELESAI PADA: 2025-12-30 15:04:55 WIB ===
--------------------------------------------------------

========================================================
LOG START: 2025-12-30 15:12:11 WIB
========================================================
[1/2] Membersihkan Folder Temp...
Selesai. Total 0 file dihapus.

[2/2] Membersihkan Notifikasi Lama...
Selesai. Total 0 notifikasi dihapus dari database.

=== CLEANUP SELESAI PADA: 2025-12-30 15:12:11 WIB ===
--------------------------------------------------------

========================================================
LOG START: 2025-12-30 15:27:12 WIB
========================================================
[1/2] Membersihkan Folder Temp...
Selesai. Total 0 file dihapus.

[2/2] Membersihkan Notifikasi Lama...
Selesai. Total 0 notifikasi dihapus dari database.

=== CLEANUP SELESAI PADA: 2025-12-30 15:27:13 WIB ===
--------------------------------------------------------

========================================================
LOG START: 2025-12-30 16:04:54 WIB
========================================================
[1/2] Membersihkan Folder Temp...
Selesai. Total 0 file dihapus.

[2/2] Membersihkan Notifikasi Lama...
Selesai. Total 0 notifikasi dihapus dari database.

=== CLEANUP SELESAI PADA: 2025-12-30 16:04:55 WIB ===
--------------------------------------------------------

========================================================
LOG START: 2025-12-30 16:12:11 WIB
========================================================
[1/2] Membersihkan Folder Temp...
Selesai. Total 0 file dihapus.

[2/2] Membersihkan Notifikasi Lama...
Selesai. Total 0 notifikasi dihapus dari database.

=== CLEANUP SELESAI PADA: 2025-12-30 16:12:11 WIB ===
--------------------------------------------------------

========================================================
LOG START: 2025-12-30 21:12:19 WIB
========================================================
[1/2] Membersihkan Folder Temp...
Selesai. Total 0 file dihapus.

[2/2] Membersihkan Notifikasi Lama...
Selesai. Total 0 notifikasi dihapus dari database.

=== CLEANUP SELESAI PADA: 2025-12-30 21:12:25 WIB ===
--------------------------------------------------------

========================================================
LOG START: 2025-12-30 21:27:12 WIB
========================================================
[1/2] Membersihkan Folder Temp...
Selesai. Total 0 file dihapus.

[2/2] Membersihkan Notifikasi Lama...
Selesai. Total 0 notifikasi dihapus dari database.

=== CLEANUP SELESAI PADA: 2025-12-30 21:27:12 WIB ===
--------------------------------------------------------

========================================================
LOG START: 2025-12-30 22:04:55 WIB
========================================================
[1/2] Membersihkan Folder Temp...
Selesai. Total 0 file dihapus.

[2/2] Membersihkan Notifikasi Lama...
Selesai. Total 0 notifikasi dihapus dari database.

=== CLEANUP SELESAI PADA: 2025-12-30 22:04:56 WIB ===
--------------------------------------------------------

========================================================
LOG START: 2025-12-30 22:12:11 WIB
========================================================
[1/2] Membersihkan Folder Temp...
Selesai. Total 0 file dihapus.

[2/2] Membersihkan Notifikasi Lama...
Selesai. Total 0 notifikasi dihapus dari database.

=== CLEANUP SELESAI PADA: 2025-12-30 22:12:11 WIB ===
--------------------------------------------------------

========================================================
LOG START: 2025-12-30 22:27:12 WIB
========================================================
[1/2] Membersihkan Folder Temp...
Selesai. Total 0 file dihapus.

[2/2] Membersihkan Notifikasi Lama...
Selesai. Total 0 notifikasi dihapus dari database.

=== CLEANUP SELESAI PADA: 2025-12-30 22:27:12 WIB ===
--------------------------------------------------------

========================================================
LOG START: 2025-12-30 23:04:57 WIB
========================================================
[1/2] Membersihkan Folder Temp...
Selesai. Total 0 file dihapus.

[2/2] Membersihkan Notifikasi Lama...
Selesai. Total 0 notifikasi dihapus dari database.

=== CLEANUP SELESAI PADA: 2025-12-30 23:05:02 WIB ===
--------------------------------------------------------

========================================================
LOG START: 2025-12-30 23:12:11 WIB
========================================================
[1/2] Membersihkan Folder Temp...
Selesai. Total 0 file dihapus.

[2/2] Membersihkan Notifikasi Lama...
Selesai. Total 0 notifikasi dihapus dari database.

=== CLEANUP SELESAI PADA: 2025-12-30 23:12:12 WIB ===
--------------------------------------------------------

========================================================
LOG START: 2025-12-30 23:27:12 WIB
========================================================
[1/2] Membersihkan Folder Temp...
Selesai. Total 0 file dihapus.

[2/2] Membersihkan Notifikasi Lama...
Selesai. Total 0 notifikasi dihapus dari database.

=== CLEANUP SELESAI PADA: 2025-12-30 23:27:13 WIB ===
--------------------------------------------------------

========================================================
LOG START: 2025-12-31 00:04:55 WIB
========================================================
[1/2] Membersihkan Folder Temp...
Selesai. Total 0 file dihapus.

[2/2] Membersihkan Notifikasi Lama...
Selesai. Total 0 notifikasi dihapus dari database.

=== CLEANUP SELESAI PADA: 2025-12-31 00:04:57 WIB ===
--------------------------------------------------------

========================================================
LOG START: 2025-12-31 00:12:11 WIB
========================================================
[1/2] Membersihkan Folder Temp...
Selesai. Total 0 file dihapus.

[2/2] Membersihkan Notifikasi Lama...
Selesai. Total 0 notifikasi dihapus dari database.

=== CLEANUP SELESAI PADA: 2025-12-31 00:12:11 WIB ===
--------------------------------------------------------

========================================================
LOG START: 2025-12-31 10:05:07 WIB
========================================================
[1/2] Membersihkan Folder Temp...
Selesai. Total 0 file dihapus.

[2/2] Membersihkan Notifikasi Lama...
Selesai. Total 0 notifikasi dihapus dari database.

=== CLEANUP SELESAI PADA: 2025-12-31 10:05:12 WIB ===
--------------------------------------------------------

========================================================
LOG START: 2025-12-31 10:12:13 WIB
========================================================
[1/2] Membersihkan Folder Temp...
Selesai. Total 0 file dihapus.

[2/2] Membersihkan Notifikasi Lama...
Selesai. Total 0 notifikasi dihapus dari database.

=== CLEANUP SELESAI PADA: 2025-12-31 10:12:18 WIB ===
--------------------------------------------------------

========================================================
LOG START: 2025-12-31 10:27:12 WIB
========================================================
[1/2] Membersihkan Folder Temp...
Selesai. Total 0 file dihapus.

[2/2] Membersihkan Notifikasi Lama...
Selesai. Total 0 notifikasi dihapus dari database.

=== CLEANUP SELESAI PADA: 2025-12-31 10:27:13 WIB ===
--------------------------------------------------------

========================================================
LOG START: 2025-12-31 11:04:55 WIB
========================================================
[1/2] Membersihkan Folder Temp...
Selesai. Total 0 file dihapus.

[2/2] Membersihkan Notifikasi Lama...
Selesai. Total 0 notifikasi dihapus dari database.

=== CLEANUP SELESAI PADA: 2025-12-31 11:04:56 WIB ===
--------------------------------------------------------

========================================================
LOG START: 2025-12-31 11:12:11 WIB
========================================================
[1/2] Membersihkan Folder Temp...
Selesai. Total 0 file dihapus.

[2/2] Membersihkan Notifikasi Lama...
Selesai. Total 0 notifikasi dihapus dari database.

=== CLEANUP SELESAI PADA: 2025-12-31 11:12:12 WIB ===
--------------------------------------------------------

========================================================
LOG START: 2025-12-31 11:27:11 WIB
========================================================
[1/2] Membersihkan Folder Temp...
Selesai. Total 0 file dihapus.

[2/2] Membersihkan Notifikasi Lama...
Selesai. Total 0 notifikasi dihapus dari database.

=== CLEANUP SELESAI PADA: 2025-12-31 11:27:12 WIB ===
--------------------------------------------------------

========================================================
LOG START: 2025-12-31 12:04:55 WIB
========================================================
[1/2] Membersihkan Folder Temp...
Selesai. Total 0 file dihapus.

[2/2] Membersihkan Notifikasi Lama...
Selesai. Total 0 notifikasi dihapus dari database.

=== CLEANUP SELESAI PADA: 2025-12-31 12:04:57 WIB ===
--------------------------------------------------------

========================================================
LOG START: 2025-12-31 12:12:12 WIB
========================================================
[1/2] Membersihkan Folder Temp...
Selesai. Total 0 file dihapus.

[2/2] Membersihkan Notifikasi Lama...
Selesai. Total 0 notifikasi dihapus dari database.

=== CLEANUP SELESAI PADA: 2025-12-31 12:12:13 WIB ===
--------------------------------------------------------

========================================================
LOG START: 2025-12-31 12:27:12 WIB
========================================================
[1/2] Membersihkan Folder Temp...
Selesai. Total 0 file dihapus.

[2/2] Membersihkan Notifikasi Lama...
Selesai. Total 0 notifikasi dihapus dari database.

=== CLEANUP SELESAI PADA: 2025-12-31 12:27:13 WIB ===
--------------------------------------------------------

========================================================
LOG START: 2026-01-01 11:53:42 WIB
========================================================
[1/2] Membersihkan Folder Temp...
Selesai. Total 0 file dihapus.

[2/2] Membersihkan Notifikasi Lama...
Selesai. Total 0 notifikasi dihapus dari database.

=== CLEANUP SELESAI PADA: 2026-01-01 11:53:48 WIB ===
--------------------------------------------------------

========================================================
LOG START: 2026-01-01 12:04:54 WIB
========================================================
[1/2] Membersihkan Folder Temp...
Selesai. Total 0 file dihapus.

[2/2] Membersihkan Notifikasi Lama...
Selesai. Total 0 notifikasi dihapus dari database.

=== CLEANUP SELESAI PADA: 2026-01-01 12:04:55 WIB ===
--------------------------------------------------------

========================================================
LOG START: 2026-01-01 12:12:11 WIB
========================================================
[1/2] Membersihkan Folder Temp...
Selesai. Total 0 file dihapus.

[2/2] Membersihkan Notifikasi Lama...
Selesai. Total 0 notifikasi dihapus dari database.

=== CLEANUP SELESAI PADA: 2026-01-01 12:12:12 WIB ===
--------------------------------------------------------

========================================================
LOG START: 2026-01-01 12:27:11 WIB
========================================================
[1/2] Membersihkan Folder Temp...
Selesai. Total 0 file dihapus.

[2/2] Membersihkan Notifikasi Lama...
Selesai. Total 0 notifikasi dihapus dari database.

=== CLEANUP SELESAI PADA: 2026-01-01 12:27:12 WIB ===
--------------------------------------------------------

========================================================
LOG START: 2026-01-01 13:13:44 WIB
========================================================
[1/2] Membersihkan Folder Temp...
Selesai. Total 0 file dihapus.

[2/2] Membersihkan Notifikasi Lama...
Selesai. Total 0 notifikasi dihapus dari database.

=== CLEANUP SELESAI PADA: 2026-01-01 13:13:51 WIB ===
--------------------------------------------------------

========================================================
LOG START: 2026-01-01 13:27:13 WIB
========================================================
[1/2] Membersihkan Folder Temp...
Selesai. Total 0 file dihapus.

[2/2] Membersihkan Notifikasi Lama...
Selesai. Total 0 notifikasi dihapus dari database.

=== CLEANUP SELESAI PADA: 2026-01-01 13:27:14 WIB ===
--------------------------------------------------------

========================================================
LOG START: 2026-01-01 14:04:55 WIB
========================================================
[1/2] Membersihkan Folder Temp...
Selesai. Total 0 file dihapus.

[2/2] Membersihkan Notifikasi Lama...
Selesai. Total 0 notifikasi dihapus dari database.

=== CLEANUP SELESAI PADA: 2026-01-01 14:04:55 WIB ===
--------------------------------------------------------

========================================================
LOG START: 2026-01-01 14:12:11 WIB
========================================================
[1/2] Membersihkan Folder Temp...
Selesai. Total 0 file dihapus.

[2/2] Membersihkan Notifikasi Lama...
Selesai. Total 0 notifikasi dihapus dari database.

=== CLEANUP SELESAI PADA: 2026-01-01 14:12:11 WIB ===
--------------------------------------------------------

========================================================
LOG START: 2026-01-01 14:27:12 WIB
========================================================
[1/2] Membersihkan Folder Temp...
Selesai. Total 0 file dihapus.

[2/2] Membersihkan Notifikasi Lama...
Selesai. Total 0 notifikasi dihapus dari database.

=== CLEANUP SELESAI PADA: 2026-01-01 14:27:13 WIB ===
--------------------------------------------------------

========================================================
LOG START: 2026-01-01 15:04:55 WIB
========================================================
[1/2] Membersihkan Folder Temp...
Selesai. Total 0 file dihapus.

[2/2] Membersihkan Notifikasi Lama...
Selesai. Total 0 notifikasi dihapus dari database.

=== CLEANUP SELESAI PADA: 2026-01-01 15:04:56 WIB ===
--------------------------------------------------------

========================================================
LOG START: 2026-01-01 15:12:11 WIB
========================================================
[1/2] Membersihkan Folder Temp...
Selesai. Total 0 file dihapus.

[2/2] Membersihkan Notifikasi Lama...
Selesai. Total 0 notifikasi dihapus dari database.

=== CLEANUP SELESAI PADA: 2026-01-01 15:12:12 WIB ===
--------------------------------------------------------

========================================================
LOG START: 2026-01-04 09:36:30 WIB
========================================================
[1/2] Membersihkan Folder Temp...
Selesai. Total 0 file dihapus.

[2/2] Membersihkan Notifikasi Lama...
Selesai. Total 0 notifikasi dihapus dari database.

=== CLEANUP SELESAI PADA: 2026-01-04 09:36:41 WIB ===
--------------------------------------------------------

========================================================
LOG START: 2026-01-04 10:04:55 WIB
========================================================
[1/2] Membersihkan Folder Temp...
Selesai. Total 0 file dihapus.

[2/2] Membersihkan Notifikasi Lama...
Selesai. Total 0 notifikasi dihapus dari database.

=== CLEANUP SELESAI PADA: 2026-01-04 10:04:56 WIB ===
--------------------------------------------------------

========================================================
LOG START: 2026-01-04 10:12:11 WIB
========================================================
[1/2] Membersihkan Folder Temp...
Selesai. Total 0 file dihapus.

[2/2] Membersihkan Notifikasi Lama...
Selesai. Total 0 notifikasi dihapus dari database.

=== CLEANUP SELESAI PADA: 2026-01-04 10:12:11 WIB ===
--------------------------------------------------------

========================================================
LOG START: 2026-01-04 10:35:01 WIB
========================================================
[1/2] Membersihkan Folder Temp...
Selesai. Total 0 file dihapus.

[2/2] Membersihkan Notifikasi Lama...
Selesai. Total 0 notifikasi dihapus dari database.

=== CLEANUP SELESAI PADA: 2026-01-04 10:35:04 WIB ===
--------------------------------------------------------

========================================================
LOG START: 2026-01-04 10:36:27 WIB
========================================================
[1/2] Membersihkan Folder Temp...
Selesai. Total 0 file dihapus.

[2/2] Membersihkan Notifikasi Lama...
Selesai. Total 0 notifikasi dihapus dari database.

=== CLEANUP SELESAI PADA: 2026-01-04 10:36:28 WIB ===
--------------------------------------------------------

========================================================
LOG START: 2026-01-04 11:04:55 WIB
========================================================
[1/2] Membersihkan Folder Temp...
Selesai. Total 0 file dihapus.

[2/2] Membersihkan Notifikasi Lama...
Selesai. Total 0 notifikasi dihapus dari database.

=== CLEANUP SELESAI PADA: 2026-01-04 11:04:56 WIB ===
--------------------------------------------------------

========================================================
LOG START: 2026-01-04 11:12:11 WIB
========================================================
[1/2] Membersihkan Folder Temp...
Selesai. Total 0 file dihapus.

[2/2] Membersihkan Notifikasi Lama...
Selesai. Total 0 notifikasi dihapus dari database.

=== CLEANUP SELESAI PADA: 2026-01-04 11:12:13 WIB ===
--------------------------------------------------------

========================================================
LOG START: 2026-01-04 11:27:11 WIB
========================================================
[1/2] Membersihkan Folder Temp...
Selesai. Total 0 file dihapus.

[2/2] Membersihkan Notifikasi Lama...
Selesai. Total 0 notifikasi dihapus dari database.

=== CLEANUP SELESAI PADA: 2026-01-04 11:27:12 WIB ===
--------------------------------------------------------

========================================================
LOG START: 2026-01-04 11:36:27 WIB
========================================================
[1/2] Membersihkan Folder Temp...
Selesai. Total 0 file dihapus.

[2/2] Membersihkan Notifikasi Lama...
Selesai. Total 0 notifikasi dihapus dari database.

=== CLEANUP SELESAI PADA: 2026-01-04 11:36:29 WIB ===
--------------------------------------------------------

========================================================
LOG START: 2026-01-04 12:04:55 WIB
========================================================
[1/2] Membersihkan Folder Temp...
Selesai. Total 0 file dihapus.

[2/2] Membersihkan Notifikasi Lama...
Selesai. Total 0 notifikasi dihapus dari database.

=== CLEANUP SELESAI PADA: 2026-01-04 12:04:55 WIB ===
--------------------------------------------------------

========================================================
LOG START: 2026-01-04 12:12:11 WIB
========================================================
[1/2] Membersihkan Folder Temp...
Selesai. Total 0 file dihapus.

[2/2] Membersihkan Notifikasi Lama...
Selesai. Total 0 notifikasi dihapus dari database.

=== CLEANUP SELESAI PADA: 2026-01-04 12:12:12 WIB ===
--------------------------------------------------------

========================================================
LOG START: 2026-01-04 12:27:12 WIB
========================================================
[1/2] Membersihkan Folder Temp...
Selesai. Total 0 file dihapus.

[2/2] Membersihkan Notifikasi Lama...
Selesai. Total 0 notifikasi dihapus dari database.

=== CLEANUP SELESAI PADA: 2026-01-04 12:27:13 WIB ===
--------------------------------------------------------

========================================================
LOG START: 2026-01-06 13:55:25 WIB
========================================================
[1/2] Membersihkan Folder Temp...
Selesai. Total 0 file dihapus.

[2/2] Membersihkan Notifikasi Lama...
Selesai. Total 0 notifikasi dihapus dari database.

=== CLEANUP SELESAI PADA: 2026-01-06 13:55:39 WIB ===
--------------------------------------------------------

========================================================
LOG START: 2026-01-06 14:04:54 WIB
========================================================
[1/2] Membersihkan Folder Temp...
Selesai. Total 0 file dihapus.

[2/2] Membersihkan Notifikasi Lama...
Selesai. Total 0 notifikasi dihapus dari database.

=== CLEANUP SELESAI PADA: 2026-01-06 14:04:55 WIB ===
--------------------------------------------------------

========================================================
LOG START: 2026-01-06 14:12:13 WIB
========================================================
[1/2] Membersihkan Folder Temp...
Selesai. Total 0 file dihapus.

[2/2] Membersihkan Notifikasi Lama...
Selesai. Total 0 notifikasi dihapus dari database.

=== CLEANUP SELESAI PADA: 2026-01-06 14:12:18 WIB ===
--------------------------------------------------------

========================================================
LOG START: 2026-01-06 14:27:12 WIB
========================================================
[1/2] Membersihkan Folder Temp...
Selesai. Total 0 file dihapus.

[2/2] Membersihkan Notifikasi Lama...
Selesai. Total 0 notifikasi dihapus dari database.

=== CLEANUP SELESAI PADA: 2026-01-06 14:27:12 WIB ===
--------------------------------------------------------

========================================================
LOG START: 2026-01-06 14:36:27 WIB
========================================================
[1/2] Membersihkan Folder Temp...
Selesai. Total 0 file dihapus.

[2/2] Membersihkan Notifikasi Lama...
Selesai. Total 0 notifikasi dihapus dari database.

=== CLEANUP SELESAI PADA: 2026-01-06 14:36:27 WIB ===
--------------------------------------------------------

========================================================
LOG START: 2026-01-06 15:04:59 WIB
========================================================
[1/2] Membersihkan Folder Temp...
Selesai. Total 0 file dihapus.

[2/2] Membersihkan Notifikasi Lama...
Selesai. Total 0 notifikasi dihapus dari database.

=== CLEANUP SELESAI PADA: 2026-01-06 15:05:08 WIB ===
--------------------------------------------------------

========================================================
LOG START: 2026-01-06 15:12:11 WIB
========================================================
[1/2] Membersihkan Folder Temp...
Selesai. Total 0 file dihapus.

[2/2] Membersihkan Notifikasi Lama...
Selesai. Total 0 notifikasi dihapus dari database.

=== CLEANUP SELESAI PADA: 2026-01-06 15:12:12 WIB ===
--------------------------------------------------------

========================================================
LOG START: 2026-01-06 15:27:12 WIB
========================================================
[1/2] Membersihkan Folder Temp...
Selesai. Total 0 file dihapus.

[2/2] Membersihkan Notifikasi Lama...
Selesai. Total 0 notifikasi dihapus dari database.

=== CLEANUP SELESAI PADA: 2026-01-06 15:27:13 WIB ===
--------------------------------------------------------

========================================================
LOG START: 2026-01-06 15:36:27 WIB
========================================================
[1/2] Membersihkan Folder Temp...
Selesai. Total 0 file dihapus.

[2/2] Membersihkan Notifikasi Lama...
Selesai. Total 0 notifikasi dihapus dari database.

=== CLEANUP SELESAI PADA: 2026-01-06 15:36:28 WIB ===
--------------------------------------------------------

========================================================
LOG START: 2026-01-06 16:04:54 WIB
========================================================
[1/2] Membersihkan Folder Temp...
Selesai. Total 0 file dihapus.

[2/2] Membersihkan Notifikasi Lama...
Selesai. Total 0 notifikasi dihapus dari database.

=== CLEANUP SELESAI PADA: 2026-01-06 16:04:55 WIB ===
--------------------------------------------------------

========================================================
LOG START: 2026-01-06 16:21:50 WIB
========================================================
[1/2] Membersihkan Folder Temp...
Selesai. Total 0 file dihapus.

[2/2] Membersihkan Notifikasi Lama...
Selesai. Total 0 notifikasi dihapus dari database.

=== CLEANUP SELESAI PADA: 2026-01-06 16:21:51 WIB ===
--------------------------------------------------------

========================================================
LOG START: 2026-01-06 16:27:12 WIB
========================================================
[1/2] Membersihkan Folder Temp...
Selesai. Total 0 file dihapus.

[2/2] Membersihkan Notifikasi Lama...
Selesai. Total 0 notifikasi dihapus dari database.

=== CLEANUP SELESAI PADA: 2026-01-06 16:27:13 WIB ===
--------------------------------------------------------

========================================================
LOG START: 2026-01-06 16:36:27 WIB
========================================================
[1/2] Membersihkan Folder Temp...
Selesai. Total 0 file dihapus.

[2/2] Membersihkan Notifikasi Lama...
Selesai. Total 0 notifikasi dihapus dari database.

=== CLEANUP SELESAI PADA: 2026-01-06 16:36:28 WIB ===
--------------------------------------------------------

========================================================
LOG START: 2026-01-06 17:04:54 WIB
========================================================
[1/2] Membersihkan Folder Temp...
Selesai. Total 0 file dihapus.

[2/2] Membersihkan Notifikasi Lama...
Selesai. Total 0 notifikasi dihapus dari database.

=== CLEANUP SELESAI PADA: 2026-01-06 17:04:55 WIB ===
--------------------------------------------------------

========================================================
LOG START: 2026-01-08 20:37:36 WIB
========================================================
[1/2] Membersihkan Folder Temp...
Selesai. Total 0 file dihapus.

[2/2] Membersihkan Notifikasi Lama...
Selesai. Total 0 notifikasi dihapus dari database.

=== CLEANUP SELESAI PADA: 2026-01-08 20:37:47 WIB ===
--------------------------------------------------------

========================================================
LOG START: 2026-01-08 21:04:56 WIB
========================================================
[1/2] Membersihkan Folder Temp...
Selesai. Total 0 file dihapus.

[2/2] Membersihkan Notifikasi Lama...
Selesai. Total 0 notifikasi dihapus dari database.

=== CLEANUP SELESAI PADA: 2026-01-08 21:05:01 WIB ===
--------------------------------------------------------

========================================================
LOG START: 2026-01-08 21:37:30 WIB
========================================================
[1/2] Membersihkan Folder Temp...
Selesai. Total 0 file dihapus.

[2/2] Membersihkan Notifikasi Lama...
Selesai. Total 0 notifikasi dihapus dari database.

=== CLEANUP SELESAI PADA: 2026-01-08 21:37:31 WIB ===
--------------------------------------------------------

========================================================
LOG START: 2026-01-08 22:04:56 WIB
========================================================
[1/2] Membersihkan Folder Temp...
Selesai. Total 0 file dihapus.

[2/2] Membersihkan Notifikasi Lama...
Selesai. Total 0 notifikasi dihapus dari database.

=== CLEANUP SELESAI PADA: 2026-01-08 22:05:00 WIB ===
--------------------------------------------------------

========================================================
LOG START: 2026-01-08 22:37:32 WIB
========================================================
[1/2] Membersihkan Folder Temp...
Selesai. Total 0 file dihapus.

[2/2] Membersihkan Notifikasi Lama...
Selesai. Total 0 notifikasi dihapus dari database.

=== CLEANUP SELESAI PADA: 2026-01-08 22:37:37 WIB ===
--------------------------------------------------------

========================================================
LOG START: 2026-01-08 23:04:54 WIB
========================================================
[1/2] Membersihkan Folder Temp...
Selesai. Total 0 file dihapus.

[2/2] Membersihkan Notifikasi Lama...
Selesai. Total 0 notifikasi dihapus dari database.

=== CLEANUP SELESAI PADA: 2026-01-08 23:04:55 WIB ===
--------------------------------------------------------

========================================================
LOG START: 2026-01-08 23:37:30 WIB
========================================================
[1/2] Membersihkan Folder Temp...
Selesai. Total 0 file dihapus.

[2/2] Membersihkan Notifikasi Lama...
Selesai. Total 0 notifikasi dihapus dari database.

=== CLEANUP SELESAI PADA: 2026-01-08 23:37:30 WIB ===
--------------------------------------------------------

========================================================
LOG START: 2026-01-09 00:04:54 WIB
========================================================
[1/2] Membersihkan Folder Temp...
Selesai. Total 0 file dihapus.

[2/2] Membersihkan Notifikasi Lama...
Selesai. Total 0 notifikasi dihapus dari database.

=== CLEANUP SELESAI PADA: 2026-01-09 00:04:54 WIB ===
--------------------------------------------------------

========================================================
LOG START: 2026-01-09 00:37:30 WIB
========================================================
[1/2] Membersihkan Folder Temp...
Selesai. Total 0 file dihapus.

[2/2] Membersihkan Notifikasi Lama...
Selesai. Total 0 notifikasi dihapus dari database.

=== CLEANUP SELESAI PADA: 2026-01-09 00:37:31 WIB ===
--------------------------------------------------------

========================================================
LOG START: 2026-01-11 11:14:06 WIB
========================================================
[1/2] Membersihkan Folder Temp...
Selesai. Total 0 file dihapus.

[2/2] Membersihkan Notifikasi Lama...
Selesai. Total 0 notifikasi dihapus dari database.

=== CLEANUP SELESAI PADA: 2026-01-11 11:14:10 WIB ===
--------------------------------------------------------

========================================================
LOG START: 2026-01-11 12:12:41 WIB
========================================================
[1/2] Membersihkan Folder Temp...
Selesai. Total 0 file dihapus.

[2/2] Membersihkan Notifikasi Lama...
Selesai. Total 0 notifikasi dihapus dari database.

=== CLEANUP SELESAI PADA: 2026-01-11 12:12:46 WIB ===
--------------------------------------------------------

========================================================
LOG START: 2026-01-11 12:37:30 WIB
========================================================
[1/2] Membersihkan Folder Temp...
Selesai. Total 0 file dihapus.

[2/2] Membersihkan Notifikasi Lama...
Selesai. Total 0 notifikasi dihapus dari database.

=== CLEANUP SELESAI PADA: 2026-01-11 12:37:31 WIB ===
--------------------------------------------------------

========================================================
LOG START: 2026-01-11 13:04:54 WIB
========================================================
[1/2] Membersihkan Folder Temp...
Selesai. Total 0 file dihapus.

[2/2] Membersihkan Notifikasi Lama...
Selesai. Total 0 notifikasi dihapus dari database.

=== CLEANUP SELESAI PADA: 2026-01-11 13:04:54 WIB ===
--------------------------------------------------------

========================================================
LOG START: 2026-01-11 13:37:30 WIB
========================================================
[1/2] Membersihkan Folder Temp...
Selesai. Total 0 file dihapus.

[2/2] Membersihkan Notifikasi Lama...
Selesai. Total 0 notifikasi dihapus dari database.

=== CLEANUP SELESAI PADA: 2026-01-11 13:37:31 WIB ===
--------------------------------------------------------

========================================================
LOG START: 2026-01-11 14:04:54 WIB
========================================================
[1/2] Membersihkan Folder Temp...
Selesai. Total 0 file dihapus.

[2/2] Membersihkan Notifikasi Lama...
Selesai. Total 0 notifikasi dihapus dari database.

=== CLEANUP SELESAI PADA: 2026-01-11 14:04:55 WIB ===
--------------------------------------------------------

========================================================
LOG START: 2026-01-11 14:37:30 WIB
========================================================
[1/2] Membersihkan Folder Temp...
Selesai. Total 0 file dihapus.

[2/2] Membersihkan Notifikasi Lama...
Selesai. Total 0 notifikasi dihapus dari database.

=== CLEANUP SELESAI PADA: 2026-01-11 14:37:31 WIB ===
--------------------------------------------------------

========================================================
LOG START: 2026-01-11 15:04:54 WIB
========================================================
[1/2] Membersihkan Folder Temp...
Selesai. Total 0 file dihapus.

[2/2] Membersihkan Notifikasi Lama...
Selesai. Total 0 notifikasi dihapus dari database.

=== CLEANUP SELESAI PADA: 2026-01-11 15:04:55 WIB ===
--------------------------------------------------------

========================================================
LOG START: 2026-01-11 19:35:13 WIB
========================================================
[1/2] Membersihkan Folder Temp...
Selesai. Total 0 file dihapus.

[2/2] Membersihkan Notifikasi Lama...
Selesai. Total 0 notifikasi dihapus dari database.

=== CLEANUP SELESAI PADA: 2026-01-11 19:35:15 WIB ===
--------------------------------------------------------

========================================================
LOG START: 2026-01-11 19:37:30 WIB
========================================================
[1/2] Membersihkan Folder Temp...
Selesai. Total 0 file dihapus.

[2/2] Membersihkan Notifikasi Lama...
Selesai. Total 0 notifikasi dihapus dari database.

=== CLEANUP SELESAI PADA: 2026-01-11 19:37:31 WIB ===
--------------------------------------------------------

========================================================
LOG START: 2026-01-11 20:04:54 WIB
========================================================
[1/2] Membersihkan Folder Temp...
Selesai. Total 0 file dihapus.

[2/2] Membersihkan Notifikasi Lama...
Selesai. Total 0 notifikasi dihapus dari database.

=== CLEANUP SELESAI PADA: 2026-01-11 20:04:55 WIB ===
--------------------------------------------------------

========================================================
LOG START: 2026-01-11 20:37:30 WIB
========================================================
[1/2] Membersihkan Folder Temp...
Selesai. Total 0 file dihapus.

[2/2] Membersihkan Notifikasi Lama...
Selesai. Total 0 notifikasi dihapus dari database.

=== CLEANUP SELESAI PADA: 2026-01-11 20:37:30 WIB ===
--------------------------------------------------------

========================================================
LOG START: 2026-01-14 21:48:07 WIB
========================================================
[1/2] Membersihkan Folder Temp...
Selesai. Total 0 file dihapus.

[2/2] Membersihkan Notifikasi Lama...
Selesai. Total 0 notifikasi dihapus dari database.

=== CLEANUP SELESAI PADA: 2026-01-14 21:48:15 WIB ===
--------------------------------------------------------

========================================================
LOG START: 2026-01-14 22:04:54 WIB
========================================================
[1/2] Membersihkan Folder Temp...
Selesai. Total 0 file dihapus.

[2/2] Membersihkan Notifikasi Lama...
Selesai. Total 0 notifikasi dihapus dari database.

=== CLEANUP SELESAI PADA: 2026-01-14 22:04:54 WIB ===
--------------------------------------------------------

========================================================
LOG START: 2026-01-14 22:37:30 WIB
========================================================
[1/2] Membersihkan Folder Temp...
Selesai. Total 0 file dihapus.

[2/2] Membersihkan Notifikasi Lama...
Selesai. Total 0 notifikasi dihapus dari database.

=== CLEANUP SELESAI PADA: 2026-01-14 22:37:31 WIB ===
--------------------------------------------------------

========================================================
LOG START: 2026-01-14 23:04:54 WIB
========================================================
[1/2] Membersihkan Folder Temp...
Selesai. Total 0 file dihapus.

[2/2] Membersihkan Notifikasi Lama...
Selesai. Total 0 notifikasi dihapus dari database.

=== CLEANUP SELESAI PADA: 2026-01-14 23:04:55 WIB ===
--------------------------------------------------------

========================================================
LOG START: 2026-01-14 23:37:30 WIB
========================================================
[1/2] Membersihkan Folder Temp...
Selesai. Total 0 file dihapus.

[2/2] Membersihkan Notifikasi Lama...
Selesai. Total 0 notifikasi dihapus dari database.

=== CLEANUP SELESAI PADA: 2026-01-14 23:37:31 WIB ===
--------------------------------------------------------

========================================================
LOG START: 2026-01-15 00:04:54 WIB
========================================================
[1/2] Membersihkan Folder Temp...
Selesai. Total 0 file dihapus.

[2/2] Membersihkan Notifikasi Lama...
Selesai. Total 0 notifikasi dihapus dari database.

=== CLEANUP SELESAI PADA: 2026-01-15 00:04:55 WIB ===
--------------------------------------------------------

========================================================
LOG START: 2026-01-15 00:37:30 WIB
========================================================
[1/2] Membersihkan Folder Temp...
Selesai. Total 0 file dihapus.

[2/2] Membersihkan Notifikasi Lama...
Selesai. Total 0 notifikasi dihapus dari database.

=== CLEANUP SELESAI PADA: 2026-01-15 00:37:39 WIB ===
--------------------------------------------------------

========================================================
LOG START: 2026-01-15 01:04:54 WIB
========================================================
[1/2] Membersihkan Folder Temp...
Selesai. Total 0 file dihapus.

[2/2] Membersihkan Notifikasi Lama...
Selesai. Total 0 notifikasi dihapus dari database.

=== CLEANUP SELESAI PADA: 2026-01-15 01:04:55 WIB ===
--------------------------------------------------------

========================================================
LOG START: 2026-01-15 01:37:30 WIB
========================================================
[1/2] Membersihkan Folder Temp...
Selesai. Total 0 file dihapus.

[2/2] Membersihkan Notifikasi Lama...
Selesai. Total 0 notifikasi dihapus dari database.

=== CLEANUP SELESAI PADA: 2026-01-15 01:37:31 WIB ===
--------------------------------------------------------

========================================================
LOG START: 2026-01-15 10:10:36 WIB
========================================================
[1/2] Membersihkan Folder Temp...
Selesai. Total 0 file dihapus.

[2/2] Membersihkan Notifikasi Lama...
Selesai. Total 0 notifikasi dihapus dari database.

=== CLEANUP SELESAI PADA: 2026-01-15 10:10:37 WIB ===
--------------------------------------------------------

========================================================
LOG START: 2026-01-15 10:37:30 WIB
========================================================
[1/2] Membersihkan Folder Temp...
Selesai. Total 0 file dihapus.

[2/2] Membersihkan Notifikasi Lama...
Selesai. Total 0 notifikasi dihapus dari database.

=== CLEANUP SELESAI PADA: 2026-01-15 10:37:40 WIB ===
--------------------------------------------------------

========================================================
LOG START: 2026-01-15 11:04:54 WIB
========================================================
[1/2] Membersihkan Folder Temp...
Selesai. Total 0 file dihapus.

[2/2] Membersihkan Notifikasi Lama...
Selesai. Total 0 notifikasi dihapus dari database.

=== CLEANUP SELESAI PADA: 2026-01-15 11:04:54 WIB ===
--------------------------------------------------------

========================================================
LOG START: 2026-01-15 11:37:30 WIB
========================================================
[1/2] Membersihkan Folder Temp...
Selesai. Total 0 file dihapus.

[2/2] Membersihkan Notifikasi Lama...
Selesai. Total 0 notifikasi dihapus dari database.

=== CLEANUP SELESAI PADA: 2026-01-15 11:37:30 WIB ===
--------------------------------------------------------

========================================================
LOG START: 2026-01-15 12:04:54 WIB
========================================================
[1/2] Membersihkan Folder Temp...
Selesai. Total 0 file dihapus.

[2/2] Membersihkan Notifikasi Lama...
Selesai. Total 0 notifikasi dihapus dari database.

=== CLEANUP SELESAI PADA: 2026-01-15 12:04:55 WIB ===
--------------------------------------------------------

========================================================
LOG START: 2026-01-15 12:37:30 WIB
========================================================
[1/2] Membersihkan Folder Temp...
Selesai. Total 0 file dihapus.

[2/2] Membersihkan Notifikasi Lama...
Selesai. Total 0 notifikasi dihapus dari database.

=== CLEANUP SELESAI PADA: 2026-01-15 12:37:32 WIB ===
--------------------------------------------------------

========================================================
LOG START: 2026-01-15 13:04:55 WIB
========================================================
[1/2] Membersihkan Folder Temp...
Selesai. Total 0 file dihapus.

[2/2] Membersihkan Notifikasi Lama...
Selesai. Total 0 notifikasi dihapus dari database.

=== CLEANUP SELESAI PADA: 2026-01-15 13:05:05 WIB ===
--------------------------------------------------------

========================================================
LOG START: 2026-01-15 13:37:30 WIB
========================================================
[1/2] Membersihkan Folder Temp...
Selesai. Total 0 file dihapus.

[2/2] Membersihkan Notifikasi Lama...
Selesai. Total 0 notifikasi dihapus dari database.

=== CLEANUP SELESAI PADA: 2026-01-15 13:37:30 WIB ===
--------------------------------------------------------

========================================================
LOG START: 2026-01-15 14:04:54 WIB
========================================================
[1/2] Membersihkan Folder Temp...
Selesai. Total 0 file dihapus.

[2/2] Membersihkan Notifikasi Lama...
Selesai. Total 0 notifikasi dihapus dari database.

=== CLEANUP SELESAI PADA: 2026-01-15 14:04:55 WIB ===
--------------------------------------------------------

========================================================
LOG START: 2026-01-15 14:37:30 WIB
========================================================
[1/2] Membersihkan Folder Temp...
Selesai. Total 0 file dihapus.

[2/2] Membersihkan Notifikasi Lama...
Selesai. Total 0 notifikasi dihapus dari database.

=== CLEANUP SELESAI PADA: 2026-01-15 14:37:30 WIB ===
--------------------------------------------------------

========================================================
LOG START: 2026-01-15 15:04:54 WIB
========================================================
[1/2] Membersihkan Folder Temp...
Selesai. Total 0 file dihapus.

[2/2] Membersihkan Notifikasi Lama...
Selesai. Total 0 notifikasi dihapus dari database.

=== CLEANUP SELESAI PADA: 2026-01-15 15:04:54 WIB ===
--------------------------------------------------------

========================================================
LOG START: 2026-01-15 15:37:30 WIB
========================================================
[1/2] Membersihkan Folder Temp...
Selesai. Total 0 file dihapus.

[2/2] Membersihkan Notifikasi Lama...
Selesai. Total 0 notifikasi dihapus dari database.

=== CLEANUP SELESAI PADA: 2026-01-15 15:37:30 WIB ===
--------------------------------------------------------

========================================================
LOG START: 2026-01-15 16:04:54 WIB
========================================================
[1/2] Membersihkan Folder Temp...
Selesai. Total 0 file dihapus.

[2/2] Membersihkan Notifikasi Lama...
Selesai. Total 0 notifikasi dihapus dari database.

=== CLEANUP SELESAI PADA: 2026-01-15 16:04:54 WIB ===
--------------------------------------------------------

========================================================
LOG START: 2026-01-15 16:58:37 WIB
========================================================
[1/2] Membersihkan Folder Temp...
Selesai. Total 0 file dihapus.

[2/2] Membersihkan Notifikasi Lama...
Selesai. Total 0 notifikasi dihapus dari database.

=== CLEANUP SELESAI PADA: 2026-01-15 16:58:43 WIB ===
--------------------------------------------------------

========================================================
LOG START: 2026-01-15 17:04:54 WIB
========================================================
[1/2] Membersihkan Folder Temp...
Selesai. Total 0 file dihapus.

[2/2] Membersihkan Notifikasi Lama...
Selesai. Total 0 notifikasi dihapus dari database.

=== CLEANUP SELESAI PADA: 2026-01-15 17:04:54 WIB ===
--------------------------------------------------------

========================================================
LOG START: 2026-01-15 17:37:30 WIB
========================================================
[1/2] Membersihkan Folder Temp...
Selesai. Total 0 file dihapus.

[2/2] Membersihkan Notifikasi Lama...
Selesai. Total 0 notifikasi dihapus dari database.

=== CLEANUP SELESAI PADA: 2026-01-15 17:37:30 WIB ===
--------------------------------------------------------

========================================================
LOG START: 2026-01-15 18:04:54 WIB
========================================================
[1/2] Membersihkan Folder Temp...
Selesai. Total 0 file dihapus.

[2/2] Membersihkan Notifikasi Lama...
Selesai. Total 0 notifikasi dihapus dari database.

=== CLEANUP SELESAI PADA: 2026-01-15 18:05:00 WIB ===
--------------------------------------------------------

========================================================
LOG START: 2026-01-15 18:37:30 WIB
========================================================
[1/2] Membersihkan Folder Temp...
Selesai. Total 0 file dihapus.

[2/2] Membersihkan Notifikasi Lama...
Selesai. Total 0 notifikasi dihapus dari database.

=== CLEANUP SELESAI PADA: 2026-01-15 18:37:30 WIB ===
--------------------------------------------------------

========================================================
LOG START: 2026-01-15 19:04:54 WIB
========================================================
[1/2] Membersihkan Folder Temp...
Selesai. Total 0 file dihapus.

[2/2] Membersihkan Notifikasi Lama...
Selesai. Total 0 notifikasi dihapus dari database.

=== CLEANUP SELESAI PADA: 2026-01-15 19:04:54 WIB ===
--------------------------------------------------------

========================================================
LOG START: 2026-01-15 20:08:16 WIB
========================================================
[1/2] Membersihkan Folder Temp...
Selesai. Total 0 file dihapus.

[2/2] Membersihkan Notifikasi Lama...
Selesai. Total 0 notifikasi dihapus dari database.

=== CLEANUP SELESAI PADA: 2026-01-15 20:08:30 WIB ===
--------------------------------------------------------

========================================================
LOG START: 2026-01-15 23:19:11 WIB
========================================================
[1/2] Membersihkan Folder Temp...
Selesai. Total 0 file dihapus.

[2/2] Membersihkan Notifikasi Lama...
Selesai. Total 0 notifikasi dihapus dari database.

=== CLEANUP SELESAI PADA: 2026-01-15 23:19:15 WIB ===
--------------------------------------------------------

========================================================
LOG START: 2026-01-15 23:37:30 WIB
========================================================
[1/2] Membersihkan Folder Temp...
Selesai. Total 0 file dihapus.

[2/2] Membersihkan Notifikasi Lama...
Selesai. Total 0 notifikasi dihapus dari database.

=== CLEANUP SELESAI PADA: 2026-01-15 23:37:39 WIB ===
--------------------------------------------------------

========================================================
LOG START: 2026-01-16 00:04:54 WIB
========================================================
[1/2] Membersihkan Folder Temp...
Selesai. Total 0 file dihapus.

[2/2] Membersihkan Notifikasi Lama...
Selesai. Total 0 notifikasi dihapus dari database.

=== CLEANUP SELESAI PADA: 2026-01-16 00:04:55 WIB ===
--------------------------------------------------------

========================================================
LOG START: 2026-01-16 00:19:11 WIB
========================================================
[1/2] Membersihkan Folder Temp...
Selesai. Total 0 file dihapus.

[2/2] Membersihkan Notifikasi Lama...
Selesai. Total 0 notifikasi dihapus dari database.

=== CLEANUP SELESAI PADA: 2026-01-16 00:19:12 WIB ===
--------------------------------------------------------

========================================================
LOG START: 2026-01-16 00:37:30 WIB
========================================================
[1/2] Membersihkan Folder Temp...
Selesai. Total 0 file dihapus.

[2/2] Membersihkan Notifikasi Lama...
Selesai. Total 0 notifikasi dihapus dari database.

=== CLEANUP SELESAI PADA: 2026-01-16 00:37:30 WIB ===
--------------------------------------------------------

========================================================
LOG START: 2026-01-16 01:04:54 WIB
========================================================
[1/2] Membersihkan Folder Temp...
Selesai. Total 0 file dihapus.

[2/2] Membersihkan Notifikasi Lama...
Selesai. Total 0 notifikasi dihapus dari database.

=== CLEANUP SELESAI PADA: 2026-01-16 01:04:55 WIB ===
--------------------------------------------------------

========================================================
LOG START: 2026-01-16 09:46:46 WIB
========================================================
[1/2] Membersihkan Folder Temp...
Selesai. Total 0 file dihapus.

[2/2] Membersihkan Notifikasi Lama...
Selesai. Total 0 notifikasi dihapus dari database.

=== CLEANUP SELESAI PADA: 2026-01-16 09:46:54 WIB ===
--------------------------------------------------------

========================================================
LOG START: 2026-01-16 10:04:54 WIB
========================================================
[1/2] Membersihkan Folder Temp...
Selesai. Total 0 file dihapus.

[2/2] Membersihkan Notifikasi Lama...
Selesai. Total 0 notifikasi dihapus dari database.

=== CLEANUP SELESAI PADA: 2026-01-16 10:04:54 WIB ===
--------------------------------------------------------

========================================================
LOG START: 2026-01-16 11:04:54 WIB
========================================================
[1/2] Membersihkan Folder Temp...
Selesai. Total 0 file dihapus.

[2/2] Membersihkan Notifikasi Lama...
Selesai. Total 0 notifikasi dihapus dari database.

=== CLEANUP SELESAI PADA: 2026-01-16 11:04:54 WIB ===
--------------------------------------------------------

========================================================
LOG START: 2026-01-16 13:53:14 WIB
========================================================
[1/2] Membersihkan Folder Temp...
Selesai. Total 0 file dihapus.

[2/2] Membersihkan Notifikasi Lama...
Selesai. Total 0 notifikasi dihapus dari database.

=== CLEANUP SELESAI PADA: 2026-01-16 13:53:24 WIB ===
--------------------------------------------------------

========================================================
LOG START: 2026-01-16 14:04:54 WIB
========================================================
[1/2] Membersihkan Folder Temp...
Selesai. Total 0 file dihapus.

[2/2] Membersihkan Notifikasi Lama...
Selesai. Total 0 notifikasi dihapus dari database.

=== CLEANUP SELESAI PADA: 2026-01-16 14:04:54 WIB ===
--------------------------------------------------------

========================================================
LOG START: 2026-01-16 15:04:54 WIB
========================================================
[1/2] Membersihkan Folder Temp...
Selesai. Total 0 file dihapus.

[2/2] Membersihkan Notifikasi Lama...
Selesai. Total 0 notifikasi dihapus dari database.

=== CLEANUP SELESAI PADA: 2026-01-16 15:05:01 WIB ===
--------------------------------------------------------

========================================================
LOG START: 2026-01-16 16:04:54 WIB
========================================================
[1/2] Membersihkan Folder Temp...
Selesai. Total 0 file dihapus.

[2/2] Membersihkan Notifikasi Lama...
Selesai. Total 0 notifikasi dihapus dari database.

=== CLEANUP SELESAI PADA: 2026-01-16 16:04:55 WIB ===
--------------------------------------------------------

========================================================
LOG START: 2026-01-16 17:04:54 WIB
========================================================
[1/2] Membersihkan Folder Temp...
Selesai. Total 0 file dihapus.

[2/2] Membersihkan Notifikasi Lama...
Selesai. Total 0 notifikasi dihapus dari database.

=== CLEANUP SELESAI PADA: 2026-01-16 17:04:55 WIB ===
--------------------------------------------------------

========================================================
LOG START: 2026-01-16 23:36:28 WIB
========================================================
[1/2] Membersihkan Folder Temp...
Selesai. Total 0 file dihapus.

[2/2] Membersihkan Notifikasi Lama...
Selesai. Total 0 notifikasi dihapus dari database.

=== CLEANUP SELESAI PADA: 2026-01-16 23:36:40 WIB ===
--------------------------------------------------------

========================================================
LOG START: 2026-01-20 10:07:27 WIB
========================================================
[1/2] Membersihkan Folder Temp...
Selesai. Total 0 file dihapus.

[2/2] Membersihkan Notifikasi Lama...
Selesai. Total 0 notifikasi dihapus dari database.

=== CLEANUP SELESAI PADA: 2026-01-20 10:07:36 WIB ===
--------------------------------------------------------

========================================================
LOG START: 2026-01-20 10:36:27 WIB
========================================================
[1/2] Membersihkan Folder Temp...
Selesai. Total 0 file dihapus.

[2/2] Membersihkan Notifikasi Lama...
Selesai. Total 0 notifikasi dihapus dari database.

=== CLEANUP SELESAI PADA: 2026-01-20 10:36:28 WIB ===
--------------------------------------------------------

========================================================
LOG START: 2026-01-20 11:04:54 WIB
========================================================
[1/2] Membersihkan Folder Temp...
Selesai. Total 0 file dihapus.

[2/2] Membersihkan Notifikasi Lama...
Selesai. Total 0 notifikasi dihapus dari database.

=== CLEANUP SELESAI PADA: 2026-01-20 11:04:54 WIB ===
--------------------------------------------------------

========================================================
LOG START: 2026-01-20 11:07:22 WIB
========================================================
[1/2] Membersihkan Folder Temp...
Selesai. Total 0 file dihapus.

[2/2] Membersihkan Notifikasi Lama...
Selesai. Total 0 notifikasi dihapus dari database.

=== CLEANUP SELESAI PADA: 2026-01-20 11:07:22 WIB ===
--------------------------------------------------------

========================================================
LOG START: 2026-01-20 11:36:29 WIB
========================================================
[1/2] Membersihkan Folder Temp...
Selesai. Total 0 file dihapus.

[2/2] Membersihkan Notifikasi Lama...
Selesai. Total 0 notifikasi dihapus dari database.

=== CLEANUP SELESAI PADA: 2026-01-20 11:36:34 WIB ===
--------------------------------------------------------

========================================================
LOG START: 2026-01-20 12:04:54 WIB
========================================================
[1/2] Membersihkan Folder Temp...
Selesai. Total 0 file dihapus.

[2/2] Membersihkan Notifikasi Lama...
Selesai. Total 0 notifikasi dihapus dari database.

=== CLEANUP SELESAI PADA: 2026-01-20 12:04:54 WIB ===
--------------------------------------------------------

========================================================
LOG START: 2026-01-20 12:07:22 WIB
========================================================
[1/2] Membersihkan Folder Temp...
Selesai. Total 0 file dihapus.

[2/2] Membersihkan Notifikasi Lama...
Selesai. Total 0 notifikasi dihapus dari database.

=== CLEANUP SELESAI PADA: 2026-01-20 12:07:22 WIB ===
--------------------------------------------------------

========================================================
LOG START: 2026-01-20 12:36:28 WIB
========================================================
[1/2] Membersihkan Folder Temp...
Selesai. Total 0 file dihapus.

[2/2] Membersihkan Notifikasi Lama...
Selesai. Total 0 notifikasi dihapus dari database.

=== CLEANUP SELESAI PADA: 2026-01-20 12:36:28 WIB ===
--------------------------------------------------------

========================================================
LOG START: 2026-01-20 13:39:39 WIB
========================================================
[1/2] Membersihkan Folder Temp...
Selesai. Total 0 file dihapus.

[2/2] Membersihkan Notifikasi Lama...
Selesai. Total 0 notifikasi dihapus dari database.

=== CLEANUP SELESAI PADA: 2026-01-20 13:39:40 WIB ===
--------------------------------------------------------

========================================================
LOG START: 2026-01-21 22:07:10 WIB
========================================================
[1/2] Membersihkan Folder Temp...
Selesai. Total 0 file dihapus.

[2/2] Membersihkan Notifikasi Lama...
Selesai. Total 0 notifikasi dihapus dari database.

=== CLEANUP SELESAI PADA: 2026-01-21 22:07:17 WIB ===
--------------------------------------------------------

========================================================
LOG START: 2026-01-21 22:07:22 WIB
========================================================
[1/2] Membersihkan Folder Temp...
Selesai. Total 0 file dihapus.

[2/2] Membersihkan Notifikasi Lama...
Selesai. Total 0 notifikasi dihapus dari database.

=== CLEANUP SELESAI PADA: 2026-01-21 22:07:22 WIB ===
--------------------------------------------------------

========================================================
LOG START: 2026-01-21 22:36:30 WIB
========================================================
[1/2] Membersihkan Folder Temp...
Selesai. Total 0 file dihapus.

[2/2] Membersihkan Notifikasi Lama...
Selesai. Total 0 notifikasi dihapus dari database.

=== CLEANUP SELESAI PADA: 2026-01-21 22:36:36 WIB ===
--------------------------------------------------------

========================================================
LOG START: 2026-01-21 23:04:54 WIB
========================================================
[1/2] Membersihkan Folder Temp...
Selesai. Total 0 file dihapus.

[2/2] Membersihkan Notifikasi Lama...
Selesai. Total 0 notifikasi dihapus dari database.

=== CLEANUP SELESAI PADA: 2026-01-21 23:04:54 WIB ===
--------------------------------------------------------

========================================================
LOG START: 2026-01-21 23:07:10 WIB
========================================================
[1/2] Membersihkan Folder Temp...
Selesai. Total 0 file dihapus.

[2/2] Membersihkan Notifikasi Lama...
Selesai. Total 0 notifikasi dihapus dari database.

=== CLEANUP SELESAI PADA: 2026-01-21 23:07:10 WIB ===
--------------------------------------------------------

========================================================
LOG START: 2026-01-21 23:07:22 WIB
========================================================
[1/2] Membersihkan Folder Temp...
Selesai. Total 0 file dihapus.

[2/2] Membersihkan Notifikasi Lama...
Selesai. Total 0 notifikasi dihapus dari database.

=== CLEANUP SELESAI PADA: 2026-01-21 23:07:22 WIB ===
--------------------------------------------------------

========================================================
LOG START: 2026-01-21 23:36:27 WIB
========================================================
[1/2] Membersihkan Folder Temp...
Selesai. Total 0 file dihapus.

[2/2] Membersihkan Notifikasi Lama...
Selesai. Total 0 notifikasi dihapus dari database.

=== CLEANUP SELESAI PADA: 2026-01-21 23:36:27 WIB ===
--------------------------------------------------------

========================================================
LOG START: 2026-01-22 00:04:54 WIB
========================================================
[1/2] Membersihkan Folder Temp...
Selesai. Total 0 file dihapus.

[2/2] Membersihkan Notifikasi Lama...
Selesai. Total 0 notifikasi dihapus dari database.

=== CLEANUP SELESAI PADA: 2026-01-22 00:04:54 WIB ===
--------------------------------------------------------

========================================================
LOG START: 2026-01-22 00:07:10 WIB
========================================================
[1/2] Membersihkan Folder Temp...
Selesai. Total 0 file dihapus.

[2/2] Membersihkan Notifikasi Lama...
Selesai. Total 0 notifikasi dihapus dari database.

=== CLEANUP SELESAI PADA: 2026-01-22 00:07:10 WIB ===
--------------------------------------------------------

========================================================
LOG START: 2026-01-22 00:07:22 WIB
========================================================
[1/2] Membersihkan Folder Temp...
Selesai. Total 0 file dihapus.

[2/2] Membersihkan Notifikasi Lama...
Selesai. Total 0 notifikasi dihapus dari database.

=== CLEANUP SELESAI PADA: 2026-01-22 00:07:22 WIB ===
--------------------------------------------------------

========================================================
LOG START: 2026-01-22 00:36:27 WIB
========================================================
[1/2] Membersihkan Folder Temp...
Selesai. Total 0 file dihapus.

[2/2] Membersihkan Notifikasi Lama...
Selesai. Total 0 notifikasi dihapus dari database.

=== CLEANUP SELESAI PADA: 2026-01-22 00:36:28 WIB ===
--------------------------------------------------------

========================================================
LOG START: 2026-01-22 01:04:54 WIB
========================================================
[1/2] Membersihkan Folder Temp...
Selesai. Total 0 file dihapus.

[2/2] Membersihkan Notifikasi Lama...
Selesai. Total 0 notifikasi dihapus dari database.

=== CLEANUP SELESAI PADA: 2026-01-22 01:04:54 WIB ===
--------------------------------------------------------

========================================================
LOG START: 2026-01-22 01:07:10 WIB
========================================================
[1/2] Membersihkan Folder Temp...
Selesai. Total 0 file dihapus.

[2/2] Membersihkan Notifikasi Lama...
Selesai. Total 0 notifikasi dihapus dari database.

=== CLEANUP SELESAI PADA: 2026-01-22 01:07:10 WIB ===
--------------------------------------------------------

========================================================
LOG START: 2026-01-22 01:07:22 WIB
========================================================
[1/2] Membersihkan Folder Temp...
Selesai. Total 0 file dihapus.

[2/2] Membersihkan Notifikasi Lama...
Selesai. Total 0 notifikasi dihapus dari database.

=== CLEANUP SELESAI PADA: 2026-01-22 01:07:22 WIB ===
--------------------------------------------------------

========================================================
LOG START: 2026-01-29 21:01:17 WIB
========================================================
[1/2] Membersihkan Folder Temp...
Selesai. Total 0 file dihapus.

[2/2] Membersihkan Notifikasi Lama...
Selesai. Total 0 notifikasi dihapus dari database.

=== CLEANUP SELESAI PADA: 2026-01-29 21:01:31 WIB ===
--------------------------------------------------------

========================================================
LOG START: 2026-01-29 21:04:57 WIB
========================================================
[1/2] Membersihkan Folder Temp...
Selesai. Total 0 file dihapus.

[2/2] Membersihkan Notifikasi Lama...
Selesai. Total 0 notifikasi dihapus dari database.

=== CLEANUP SELESAI PADA: 2026-01-29 21:04:58 WIB ===
--------------------------------------------------------

========================================================
LOG START: 2026-01-29 22:01:17 WIB
========================================================
[1/2] Membersihkan Folder Temp...
Selesai. Total 0 file dihapus.

[2/2] Membersihkan Notifikasi Lama...
Selesai. Total 0 notifikasi dihapus dari database.

=== CLEANUP SELESAI PADA: 2026-01-29 22:01:25 WIB ===
--------------------------------------------------------

========================================================
LOG START: 2026-01-29 22:04:55 WIB
========================================================
[1/2] Membersihkan Folder Temp...
Selesai. Total 0 file dihapus.

[2/2] Membersihkan Notifikasi Lama...
Selesai. Total 0 notifikasi dihapus dari database.

=== CLEANUP SELESAI PADA: 2026-01-29 22:04:57 WIB ===
--------------------------------------------------------

========================================================
LOG START: 2026-01-29 23:01:14 WIB
========================================================
[1/2] Membersihkan Folder Temp...
Selesai. Total 0 file dihapus.

[2/2] Membersihkan Notifikasi Lama...
Selesai. Total 0 notifikasi dihapus dari database.

=== CLEANUP SELESAI PADA: 2026-01-29 23:01:15 WIB ===
--------------------------------------------------------

========================================================
LOG START: 2026-01-30 22:09:01 WIB
========================================================
[1/2] Membersihkan Folder Temp...
Selesai. Total 0 file dihapus.

[2/2] Membersihkan Notifikasi Lama...
Selesai. Total 0 notifikasi dihapus dari database.

=== CLEANUP SELESAI PADA: 2026-01-30 22:09:04 WIB ===
--------------------------------------------------------

========================================================
LOG START: 2026-01-30 23:04:56 WIB
========================================================
[1/2] Membersihkan Folder Temp...
Selesai. Total 0 file dihapus.

[2/2] Membersihkan Notifikasi Lama...
Selesai. Total 0 notifikasi dihapus dari database.

=== CLEANUP SELESAI PADA: 2026-01-30 23:05:02 WIB ===
--------------------------------------------------------

========================================================
LOG START: 2026-01-30 23:09:00 WIB
========================================================
[1/2] Membersihkan Folder Temp...
Selesai. Total 0 file dihapus.

[2/2] Membersihkan Notifikasi Lama...
Selesai. Total 0 notifikasi dihapus dari database.

=== CLEANUP SELESAI PADA: 2026-01-30 23:09:00 WIB ===
--------------------------------------------------------

========================================================
LOG START: 2026-02-04 14:40:11 WIB
========================================================
[1/2] Membersihkan Folder Temp...
Selesai. Total 0 file dihapus.

[2/2] Membersihkan Notifikasi Lama...
Selesai. Total 0 notifikasi dihapus dari database.

=== CLEANUP SELESAI PADA: 2026-02-04 14:40:17 WIB ===
--------------------------------------------------------

========================================================
LOG START: 2026-02-04 14:45:53 WIB
========================================================
[1/2] Membersihkan Folder Temp...
Selesai. Total 0 file dihapus.

[2/2] Membersihkan Notifikasi Lama...
Selesai. Total 0 notifikasi dihapus dari database.

=== CLEANUP SELESAI PADA: 2026-02-04 14:45:55 WIB ===
--------------------------------------------------------

========================================================
LOG START: 2026-02-04 15:04:56 WIB
========================================================
[1/2] Membersihkan Folder Temp...
Selesai. Total 0 file dihapus.

[2/2] Membersihkan Notifikasi Lama...
Selesai. Total 0 notifikasi dihapus dari database.

=== CLEANUP SELESAI PADA: 2026-02-04 15:05:02 WIB ===
--------------------------------------------------------

========================================================
LOG START: 2026-02-04 15:39:59 WIB
========================================================
[1/2] Membersihkan Folder Temp...
Selesai. Total 0 file dihapus.

[2/2] Membersihkan Notifikasi Lama...
Selesai. Total 0 notifikasi dihapus dari database.

=== CLEANUP SELESAI PADA: 2026-02-04 15:39:59 WIB ===
--------------------------------------------------------

========================================================
LOG START: 2026-02-04 15:45:51 WIB
========================================================
[1/2] Membersihkan Folder Temp...
Selesai. Total 0 file dihapus.

[2/2] Membersihkan Notifikasi Lama...
Selesai. Total 0 notifikasi dihapus dari database.

=== CLEANUP SELESAI PADA: 2026-02-04 15:45:51 WIB ===
--------------------------------------------------------

========================================================
LOG START: 2026-02-04 16:04:54 WIB
========================================================
[1/2] Membersihkan Folder Temp...
Selesai. Total 0 file dihapus.

[2/2] Membersihkan Notifikasi Lama...
Selesai. Total 0 notifikasi dihapus dari database.

=== CLEANUP SELESAI PADA: 2026-02-04 16:04:55 WIB ===
--------------------------------------------------------

========================================================
LOG START: 2026-02-04 16:39:59 WIB
========================================================
[1/2] Membersihkan Folder Temp...
Selesai. Total 0 file dihapus.

[2/2] Membersihkan Notifikasi Lama...
Selesai. Total 0 notifikasi dihapus dari database.

=== CLEANUP SELESAI PADA: 2026-02-04 16:39:59 WIB ===
--------------------------------------------------------

========================================================
LOG START: 2026-02-04 16:55:02 WIB
========================================================
[1/2] Membersihkan Folder Temp...
Selesai. Total 0 file dihapus.

[2/2] Membersihkan Notifikasi Lama...
Selesai. Total 0 notifikasi dihapus dari database.

=== CLEANUP SELESAI PADA: 2026-02-04 16:55:03 WIB ===
--------------------------------------------------------

========================================================
LOG START: 2026-02-04 17:04:54 WIB
========================================================
[1/2] Membersihkan Folder Temp...
Selesai. Total 0 file dihapus.

[2/2] Membersihkan Notifikasi Lama...
Selesai. Total 0 notifikasi dihapus dari database.

=== CLEANUP SELESAI PADA: 2026-02-04 17:04:54 WIB ===
--------------------------------------------------------

========================================================
LOG START: 2026-02-04 17:39:59 WIB
========================================================
[1/2] Membersihkan Folder Temp...
Selesai. Total 0 file dihapus.

[2/2] Membersihkan Notifikasi Lama...
Selesai. Total 0 notifikasi dihapus dari database.

=== CLEANUP SELESAI PADA: 2026-02-04 17:39:59 WIB ===
--------------------------------------------------------

========================================================
LOG START: 2026-02-04 17:45:51 WIB
========================================================
[1/2] Membersihkan Folder Temp...
Selesai. Total 0 file dihapus.

[2/2] Membersihkan Notifikasi Lama...
Selesai. Total 0 notifikasi dihapus dari database.

=== CLEANUP SELESAI PADA: 2026-02-04 17:45:51 WIB ===
--------------------------------------------------------

========================================================
LOG START: 2026-02-05 22:07:20 WIB
========================================================
[1/2] Membersihkan Folder Temp...
Selesai. Total 0 file dihapus.

[2/2] Membersihkan Notifikasi Lama...
Selesai. Total 0 notifikasi dihapus dari database.

=== CLEANUP SELESAI PADA: 2026-02-05 22:07:26 WIB ===
--------------------------------------------------------

========================================================
LOG START: 2026-02-06 21:16:13 WIB
========================================================
[1/2] Membersihkan Folder Temp...
Selesai. Total 0 file dihapus.

[2/2] Membersihkan Notifikasi Lama...
Selesai. Total 0 notifikasi dihapus dari database.

=== CLEANUP SELESAI PADA: 2026-02-06 21:16:22 WIB ===
--------------------------------------------------------

========================================================
LOG START: 2026-02-06 21:39:59 WIB
========================================================
[1/2] Membersihkan Folder Temp...
Selesai. Total 0 file dihapus.

[2/2] Membersihkan Notifikasi Lama...
Selesai. Total 0 notifikasi dihapus dari database.

=== CLEANUP SELESAI PADA: 2026-02-06 21:40:06 WIB ===
--------------------------------------------------------

========================================================
LOG START: 2026-02-06 21:45:51 WIB
========================================================
[1/2] Membersihkan Folder Temp...
Selesai. Total 0 file dihapus.

[2/2] Membersihkan Notifikasi Lama...
Selesai. Total 0 notifikasi dihapus dari database.

=== CLEANUP SELESAI PADA: 2026-02-06 21:45:51 WIB ===
--------------------------------------------------------

========================================================
LOG START: 2026-02-06 22:04:54 WIB
========================================================
[1/2] Membersihkan Folder Temp...
Selesai. Total 0 file dihapus.

[2/2] Membersihkan Notifikasi Lama...
Selesai. Total 0 notifikasi dihapus dari database.

=== CLEANUP SELESAI PADA: 2026-02-06 22:04:54 WIB ===
--------------------------------------------------------

========================================================
LOG START: 2026-02-06 22:07:16 WIB
========================================================
[1/2] Membersihkan Folder Temp...
Selesai. Total 0 file dihapus.

[2/2] Membersihkan Notifikasi Lama...
Selesai. Total 0 notifikasi dihapus dari database.

=== CLEANUP SELESAI PADA: 2026-02-06 22:07:17 WIB ===
--------------------------------------------------------

========================================================
LOG START: 2026-02-06 22:39:59 WIB
========================================================
[1/2] Membersihkan Folder Temp...
Selesai. Total 0 file dihapus.

[2/2] Membersihkan Notifikasi Lama...
Selesai. Total 0 notifikasi dihapus dari database.

=== CLEANUP SELESAI PADA: 2026-02-06 22:39:59 WIB ===
--------------------------------------------------------

========================================================
LOG START: 2026-02-06 22:45:51 WIB
========================================================
[1/2] Membersihkan Folder Temp...
Selesai. Total 0 file dihapus.

[2/2] Membersihkan Notifikasi Lama...
Selesai. Total 0 notifikasi dihapus dari database.

=== CLEANUP SELESAI PADA: 2026-02-06 22:45:51 WIB ===
--------------------------------------------------------

========================================================
LOG START: 2026-02-06 23:04:54 WIB
========================================================
[1/2] Membersihkan Folder Temp...
Selesai. Total 0 file dihapus.

[2/2] Membersihkan Notifikasi Lama...
Selesai. Total 0 notifikasi dihapus dari database.

=== CLEANUP SELESAI PADA: 2026-02-06 23:04:54 WIB ===
--------------------------------------------------------

========================================================
LOG START: 2026-02-06 23:07:16 WIB
========================================================
[1/2] Membersihkan Folder Temp...
Selesai. Total 0 file dihapus.

[2/2] Membersihkan Notifikasi Lama...
Selesai. Total 0 notifikasi dihapus dari database.

=== CLEANUP SELESAI PADA: 2026-02-06 23:07:16 WIB ===
--------------------------------------------------------

========================================================
LOG START: 2026-02-06 23:39:59 WIB
========================================================
[1/2] Membersihkan Folder Temp...
Selesai. Total 0 file dihapus.

[2/2] Membersihkan Notifikasi Lama...
Selesai. Total 0 notifikasi dihapus dari database.

=== CLEANUP SELESAI PADA: 2026-02-06 23:39:59 WIB ===
--------------------------------------------------------

========================================================
LOG START: 2026-02-06 23:45:51 WIB
========================================================
[1/2] Membersihkan Folder Temp...
Selesai. Total 0 file dihapus.

[2/2] Membersihkan Notifikasi Lama...
Selesai. Total 0 notifikasi dihapus dari database.

=== CLEANUP SELESAI PADA: 2026-02-06 23:45:51 WIB ===
--------------------------------------------------------

========================================================
LOG START: 2026-02-07 00:04:54 WIB
========================================================
[1/2] Membersihkan Folder Temp...
Selesai. Total 0 file dihapus.

[2/2] Membersihkan Notifikasi Lama...
Selesai. Total 0 notifikasi dihapus dari database.

=== CLEANUP SELESAI PADA: 2026-02-07 00:04:54 WIB ===
--------------------------------------------------------

========================================================
LOG START: 2026-02-07 00:07:16 WIB
========================================================
[1/2] Membersihkan Folder Temp...
Selesai. Total 0 file dihapus.

[2/2] Membersihkan Notifikasi Lama...
Selesai. Total 0 notifikasi dihapus dari database.

=== CLEANUP SELESAI PADA: 2026-02-07 00:07:17 WIB ===
--------------------------------------------------------

========================================================
LOG START: 2026-02-10 11:01:21 WIB
========================================================
[1/2] Membersihkan Folder Temp...
Selesai. Total 0 file dihapus.

[2/2] Membersihkan Notifikasi Lama...
Selesai. Total 0 notifikasi dihapus dari database.

=== CLEANUP SELESAI PADA: 2026-02-10 11:01:26 WIB ===
--------------------------------------------------------

========================================================
LOG START: 2026-02-10 11:04:56 WIB
========================================================
[1/2] Membersihkan Folder Temp...
Selesai. Total 0 file dihapus.

[2/2] Membersihkan Notifikasi Lama...
Selesai. Total 0 notifikasi dihapus dari database.

=== CLEANUP SELESAI PADA: 2026-02-10 11:04:58 WIB ===
--------------------------------------------------------

========================================================
LOG START: 2026-02-10 12:01:20 WIB
========================================================
[1/2] Membersihkan Folder Temp...
Selesai. Total 0 file dihapus.

[2/2] Membersihkan Notifikasi Lama...
Selesai. Total 0 notifikasi dihapus dari database.

=== CLEANUP SELESAI PADA: 2026-02-10 12:01:21 WIB ===
--------------------------------------------------------

========================================================
LOG START: 2026-02-10 12:04:55 WIB
========================================================
[1/2] Membersihkan Folder Temp...
Selesai. Total 0 file dihapus.

[2/2] Membersihkan Notifikasi Lama...
Selesai. Total 0 notifikasi dihapus dari database.

=== CLEANUP SELESAI PADA: 2026-02-10 12:04:55 WIB ===
--------------------------------------------------------

========================================================
LOG START: 2026-02-10 21:12:24 WIB
========================================================
[1/2] Membersihkan Folder Temp...
Selesai. Total 0 file dihapus.

[2/2] Membersihkan Notifikasi Lama...
Selesai. Total 0 notifikasi dihapus dari database.

=== CLEANUP SELESAI PADA: 2026-02-10 21:12:34 WIB ===
--------------------------------------------------------

========================================================
LOG START: 2026-02-10 22:25:55 WIB
========================================================
[1/2] Membersihkan Folder Temp...
Selesai. Total 0 file dihapus.

[2/2] Membersihkan Notifikasi Lama...
Selesai. Total 0 notifikasi dihapus dari database.

=== CLEANUP SELESAI PADA: 2026-02-10 22:26:13 WIB ===
--------------------------------------------------------

========================================================
LOG START: 2026-02-10 23:04:57 WIB
========================================================
[1/2] Membersihkan Folder Temp...
Selesai. Total 0 file dihapus.

[2/2] Membersihkan Notifikasi Lama...
Selesai. Total 0 notifikasi dihapus dari database.

=== CLEANUP SELESAI PADA: 2026-02-10 23:05:03 WIB ===
--------------------------------------------------------

========================================================
LOG START: 2026-02-10 23:25:53 WIB
========================================================
[1/2] Membersihkan Folder Temp...
Selesai. Total 0 file dihapus.

[2/2] Membersihkan Notifikasi Lama...
Selesai. Total 0 notifikasi dihapus dari database.

=== CLEANUP SELESAI PADA: 2026-02-10 23:25:53 WIB ===
--------------------------------------------------------

========================================================
LOG START: 2026-02-11 00:04:55 WIB
========================================================
[1/2] Membersihkan Folder Temp...
Selesai. Total 0 file dihapus.

[2/2] Membersihkan Notifikasi Lama...
Selesai. Total 0 notifikasi dihapus dari database.

=== CLEANUP SELESAI PADA: 2026-02-11 00:04:55 WIB ===
--------------------------------------------------------

========================================================
LOG START: 2026-02-11 00:25:53 WIB
========================================================
[1/2] Membersihkan Folder Temp...
Selesai. Total 0 file dihapus.

[2/2] Membersihkan Notifikasi Lama...
Selesai. Total 0 notifikasi dihapus dari database.

=== CLEANUP SELESAI PADA: 2026-02-11 00:25:53 WIB ===
--------------------------------------------------------

========================================================
LOG START: 2026-02-11 19:11:37 WIB
========================================================
[1/2] Membersihkan Folder Temp...
Selesai. Total 0 file dihapus.

[2/2] Membersihkan Notifikasi Lama...
Selesai. Total 0 notifikasi dihapus dari database.

=== CLEANUP SELESAI PADA: 2026-02-11 19:11:44 WIB ===
--------------------------------------------------------

========================================================
LOG START: 2026-02-11 20:04:54 WIB
========================================================
[1/2] Membersihkan Folder Temp...
Selesai. Total 0 file dihapus.

[2/2] Membersihkan Notifikasi Lama...
Selesai. Total 0 notifikasi dihapus dari database.

=== CLEANUP SELESAI PADA: 2026-02-11 20:04:54 WIB ===
--------------------------------------------------------

========================================================
LOG START: 2026-02-11 21:04:54 WIB
========================================================
[1/2] Membersihkan Folder Temp...
Selesai. Total 0 file dihapus.

[2/2] Membersihkan Notifikasi Lama...
Selesai. Total 0 notifikasi dihapus dari database.

=== CLEANUP SELESAI PADA: 2026-02-11 21:04:55 WIB ===
--------------------------------------------------------

========================================================
LOG START: 2026-02-12 08:38:33 WIB
========================================================
[1/2] Membersihkan Folder Temp...
Selesai. Total 0 file dihapus.

[2/2] Membersihkan Notifikasi Lama...
Selesai. Total 0 notifikasi dihapus dari database.

=== CLEANUP SELESAI PADA: 2026-02-12 08:38:42 WIB ===
--------------------------------------------------------

========================================================
LOG START: 2026-02-12 09:04:56 WIB
========================================================
[1/2] Membersihkan Folder Temp...
Selesai. Total 0 file dihapus.

[2/2] Membersihkan Notifikasi Lama...
Selesai. Total 0 notifikasi dihapus dari database.

=== CLEANUP SELESAI PADA: 2026-02-12 09:05:01 WIB ===
--------------------------------------------------------

========================================================
LOG START: 2026-02-12 20:04:35 WIB
========================================================
[1/2] Membersihkan Folder Temp...
Selesai. Total 0 file dihapus.

[2/2] Membersihkan Notifikasi Lama...
Selesai. Total 0 notifikasi dihapus dari database.

=== CLEANUP SELESAI PADA: 2026-02-12 20:04:44 WIB ===
--------------------------------------------------------

========================================================
LOG START: 2026-02-12 20:04:54 WIB
========================================================
[1/2] Membersihkan Folder Temp...
Selesai. Total 0 file dihapus.

[2/2] Membersihkan Notifikasi Lama...
Selesai. Total 0 notifikasi dihapus dari database.

=== CLEANUP SELESAI PADA: 2026-02-12 20:04:54 WIB ===
--------------------------------------------------------

========================================================
LOG START: 2026-02-12 21:04:57 WIB
========================================================
[1/2] Membersihkan Folder Temp...
Selesai. Total 0 file dihapus.

[2/2] Membersihkan Notifikasi Lama...
Selesai. Total 0 notifikasi dihapus dari database.

=== CLEANUP SELESAI PADA: 2026-02-12 21:05:03 WIB ===
--------------------------------------------------------

========================================================
LOG START: 2026-02-12 22:04:54 WIB
========================================================
[1/2] Membersihkan Folder Temp...
Selesai. Total 0 file dihapus.

[2/2] Membersihkan Notifikasi Lama...
Selesai. Total 0 notifikasi dihapus dari database.

=== CLEANUP SELESAI PADA: 2026-02-12 22:04:55 WIB ===
--------------------------------------------------------

========================================================
LOG START: 2026-02-13 10:15:38 WIB
========================================================
[1/2] Membersihkan Folder Temp...
Selesai. Total 0 file dihapus.

[2/2] Membersihkan Notifikasi Lama...
Selesai. Total 0 notifikasi dihapus dari database.

=== CLEANUP SELESAI PADA: 2026-02-13 10:15:47 WIB ===
--------------------------------------------------------

========================================================
LOG START: 2026-02-13 11:04:54 WIB
========================================================
[1/2] Membersihkan Folder Temp...
Selesai. Total 0 file dihapus.

[2/2] Membersihkan Notifikasi Lama...
Selesai. Total 0 notifikasi dihapus dari database.

=== CLEANUP SELESAI PADA: 2026-02-13 11:04:58 WIB ===
--------------------------------------------------------

========================================================
LOG START: 2026-02-14 00:41:03 WIB
========================================================
[1/2] Membersihkan Folder Temp...
Selesai. Total 0 file dihapus.

[2/2] Membersihkan Notifikasi Lama...
Selesai. Total 0 notifikasi dihapus dari database.

=== CLEANUP SELESAI PADA: 2026-02-14 00:41:10 WIB ===
--------------------------------------------------------

========================================================
LOG START: 2026-02-14 01:04:59 WIB
========================================================
[1/2] Membersihkan Folder Temp...
Selesai. Total 0 file dihapus.

[2/2] Membersihkan Notifikasi Lama...
Selesai. Total 0 notifikasi dihapus dari database.

=== CLEANUP SELESAI PADA: 2026-02-14 01:05:05 WIB ===
--------------------------------------------------------

========================================================
LOG START: 2026-02-14 01:40:37 WIB
========================================================
[1/2] Membersihkan Folder Temp...
Selesai. Total 0 file dihapus.

[2/2] Membersihkan Notifikasi Lama...
Selesai. Total 0 notifikasi dihapus dari database.

=== CLEANUP SELESAI PADA: 2026-02-14 01:40:47 WIB ===
--------------------------------------------------------

========================================================
LOG START: 2026-02-14 02:04:55 WIB
========================================================
[1/2] Membersihkan Folder Temp...
Selesai. Total 0 file dihapus.

[2/2] Membersihkan Notifikasi Lama...
Selesai. Total 0 notifikasi dihapus dari database.

=== CLEANUP SELESAI PADA: 2026-02-14 02:04:56 WIB ===
--------------------------------------------------------

========================================================
LOG START: 2026-02-14 02:40:33 WIB
========================================================
[1/2] Membersihkan Folder Temp...
Selesai. Total 0 file dihapus.

[2/2] Membersihkan Notifikasi Lama...
Selesai. Total 0 notifikasi dihapus dari database.

=== CLEANUP SELESAI PADA: 2026-02-14 02:40:34 WIB ===
--------------------------------------------------------

========================================================
LOG START: 2026-02-14 11:14:41 WIB
========================================================
[1/2] Membersihkan Folder Temp...
Selesai. Total 0 file dihapus.

[2/2] Membersihkan Notifikasi Lama...
Selesai. Total 0 notifikasi dihapus dari database.

=== CLEANUP SELESAI PADA: 2026-02-14 11:14:45 WIB ===
--------------------------------------------------------

========================================================
LOG START: 2026-02-14 11:40:35 WIB
========================================================
[1/2] Membersihkan Folder Temp...
Selesai. Total 0 file dihapus.

[2/2] Membersihkan Notifikasi Lama...
Selesai. Total 0 notifikasi dihapus dari database.

=== CLEANUP SELESAI PADA: 2026-02-14 11:40:41 WIB ===
--------------------------------------------------------

========================================================
LOG START: 2026-02-16 09:25:29 WIB
========================================================
[1/2] Membersihkan Folder Temp...
Selesai. Total 0 file dihapus.

[2/2] Membersihkan Notifikasi Lama...
Selesai. Total 0 notifikasi dihapus dari database.

=== CLEANUP SELESAI PADA: 2026-02-16 09:25:37 WIB ===
--------------------------------------------------------

========================================================
LOG START: 2026-02-16 09:40:32 WIB
========================================================
[1/2] Membersihkan Folder Temp...
Selesai. Total 0 file dihapus.

[2/2] Membersihkan Notifikasi Lama...
Selesai. Total 0 notifikasi dihapus dari database.

=== CLEANUP SELESAI PADA: 2026-02-16 09:40:32 WIB ===
--------------------------------------------------------

========================================================
LOG START: 2026-02-16 10:04:57 WIB
========================================================
[1/2] Membersihkan Folder Temp...
Selesai. Total 0 file dihapus.

[2/2] Membersihkan Notifikasi Lama...
Selesai. Total 0 notifikasi dihapus dari database.

=== CLEANUP SELESAI PADA: 2026-02-16 10:05:02 WIB ===
--------------------------------------------------------

========================================================
LOG START: 2026-02-16 10:25:22 WIB
========================================================
[1/2] Membersihkan Folder Temp...
Selesai. Total 0 file dihapus.

[2/2] Membersihkan Notifikasi Lama...
Selesai. Total 0 notifikasi dihapus dari database.

=== CLEANUP SELESAI PADA: 2026-02-16 10:25:22 WIB ===
--------------------------------------------------------

========================================================
LOG START: 2026-02-16 10:40:32 WIB
========================================================
[1/2] Membersihkan Folder Temp...
Selesai. Total 0 file dihapus.

[2/2] Membersihkan Notifikasi Lama...
Selesai. Total 0 notifikasi dihapus dari database.

=== CLEANUP SELESAI PADA: 2026-02-16 10:40:32 WIB ===
--------------------------------------------------------

========================================================
LOG START: 2026-02-16 11:04:54 WIB
========================================================
[1/2] Membersihkan Folder Temp...
Selesai. Total 0 file dihapus.

[2/2] Membersihkan Notifikasi Lama...
Selesai. Total 0 notifikasi dihapus dari database.

=== CLEANUP SELESAI PADA: 2026-02-16 11:04:55 WIB ===
--------------------------------------------------------

========================================================
LOG START: 2026-02-16 11:25:22 WIB
========================================================
[1/2] Membersihkan Folder Temp...
Selesai. Total 0 file dihapus.

[2/2] Membersihkan Notifikasi Lama...
Selesai. Total 0 notifikasi dihapus dari database.

=== CLEANUP SELESAI PADA: 2026-02-16 11:25:22 WIB ===
--------------------------------------------------------

========================================================
LOG START: 2026-02-16 11:40:32 WIB
========================================================
[1/2] Membersihkan Folder Temp...
Selesai. Total 0 file dihapus.

[2/2] Membersihkan Notifikasi Lama...
Selesai. Total 0 notifikasi dihapus dari database.

=== CLEANUP SELESAI PADA: 2026-02-16 11:40:32 WIB ===
--------------------------------------------------------

========================================================
LOG START: 2026-02-16 12:04:54 WIB
========================================================
[1/2] Membersihkan Folder Temp...
Selesai. Total 0 file dihapus.

[2/2] Membersihkan Notifikasi Lama...
Selesai. Total 0 notifikasi dihapus dari database.

=== CLEANUP SELESAI PADA: 2026-02-16 12:04:54 WIB ===
--------------------------------------------------------

========================================================
LOG START: 2026-02-16 12:25:22 WIB
========================================================
[1/2] Membersihkan Folder Temp...
Selesai. Total 0 file dihapus.

[2/2] Membersihkan Notifikasi Lama...
Selesai. Total 0 notifikasi dihapus dari database.

=== CLEANUP SELESAI PADA: 2026-02-16 12:25:22 WIB ===
--------------------------------------------------------

========================================================
LOG START: 2026-02-16 12:40:32 WIB
========================================================
[1/2] Membersihkan Folder Temp...
Selesai. Total 0 file dihapus.

[2/2] Membersihkan Notifikasi Lama...
Selesai. Total 0 notifikasi dihapus dari database.

=== CLEANUP SELESAI PADA: 2026-02-16 12:40:32 WIB ===
--------------------------------------------------------

========================================================
LOG START: 2026-02-16 13:04:54 WIB
========================================================
[1/2] Membersihkan Folder Temp...
Selesai. Total 0 file dihapus.

[2/2] Membersihkan Notifikasi Lama...
Selesai. Total 0 notifikasi dihapus dari database.

=== CLEANUP SELESAI PADA: 2026-02-16 13:04:54 WIB ===
--------------------------------------------------------

========================================================
LOG START: 2026-02-16 13:25:22 WIB
========================================================
[1/2] Membersihkan Folder Temp...
Selesai. Total 0 file dihapus.

[2/2] Membersihkan Notifikasi Lama...
Selesai. Total 0 notifikasi dihapus dari database.

=== CLEANUP SELESAI PADA: 2026-02-16 13:25:22 WIB ===
--------------------------------------------------------

========================================================
LOG START: 2026-02-17 12:42:24 WIB
========================================================
[1/2] Membersihkan Folder Temp...
Selesai. Total 0 file dihapus.

[2/2] Membersihkan Notifikasi Lama...
Selesai. Total 0 notifikasi dihapus dari database.

=== CLEANUP SELESAI PADA: 2026-02-17 12:42:31 WIB ===
--------------------------------------------------------

========================================================
LOG START: 2026-02-18 08:48:04 WIB
========================================================
[1/2] Membersihkan Folder Temp...
Selesai. Total 0 file dihapus.

[2/2] Membersihkan Notifikasi Lama...
Selesai. Total 0 notifikasi dihapus dari database.

=== CLEANUP SELESAI PADA: 2026-02-18 08:48:12 WIB ===
--------------------------------------------------------

========================================================
LOG START: 2026-02-18 09:04:54 WIB
========================================================
[1/2] Membersihkan Folder Temp...
Selesai. Total 0 file dihapus.

[2/2] Membersihkan Notifikasi Lama...
Selesai. Total 0 notifikasi dihapus dari database.

=== CLEANUP SELESAI PADA: 2026-02-18 09:04:54 WIB ===
--------------------------------------------------------

========================================================
LOG START: 2026-02-18 09:25:22 WIB
========================================================
[1/2] Membersihkan Folder Temp...
Selesai. Total 0 file dihapus.

[2/2] Membersihkan Notifikasi Lama...
Selesai. Total 0 notifikasi dihapus dari database.

=== CLEANUP SELESAI PADA: 2026-02-18 09:25:22 WIB ===
--------------------------------------------------------

========================================================
LOG START: 2026-02-18 11:11:46 WIB
========================================================
[1/2] Membersihkan Folder Temp...
Selesai. Total 0 file dihapus.

[2/2] Membersihkan Notifikasi Lama...
Selesai. Total 0 notifikasi dihapus dari database.

=== CLEANUP SELESAI PADA: 2026-02-18 11:11:56 WIB ===
--------------------------------------------------------

========================================================
LOG START: 2026-02-18 11:25:22 WIB
========================================================
[1/2] Membersihkan Folder Temp...
Selesai. Total 0 file dihapus.

[2/2] Membersihkan Notifikasi Lama...
Selesai. Total 0 notifikasi dihapus dari database.

=== CLEANUP SELESAI PADA: 2026-02-18 11:25:22 WIB ===
--------------------------------------------------------

========================================================
LOG START: 2026-02-18 11:40:32 WIB
========================================================
[1/2] Membersihkan Folder Temp...
Selesai. Total 0 file dihapus.

[2/2] Membersihkan Notifikasi Lama...
Selesai. Total 0 notifikasi dihapus dari database.

=== CLEANUP SELESAI PADA: 2026-02-18 11:40:32 WIB ===
--------------------------------------------------------

========================================================
LOG START: 2026-02-18 11:48:00 WIB
========================================================
[1/2] Membersihkan Folder Temp...
Selesai. Total 0 file dihapus.

[2/2] Membersihkan Notifikasi Lama...
Selesai. Total 0 notifikasi dihapus dari database.

=== CLEANUP SELESAI PADA: 2026-02-18 11:48:00 WIB ===
--------------------------------------------------------

========================================================
LOG START: 2026-02-18 12:04:54 WIB
========================================================
[1/2] Membersihkan Folder Temp...
Selesai. Total 0 file dihapus.

[2/2] Membersihkan Notifikasi Lama...
Selesai. Total 0 notifikasi dihapus dari database.

=== CLEANUP SELESAI PADA: 2026-02-18 12:04:55 WIB ===
--------------------------------------------------------

========================================================
LOG START: 2026-02-18 12:25:22 WIB
========================================================
[1/2] Membersihkan Folder Temp...
Selesai. Total 0 file dihapus.

[2/2] Membersihkan Notifikasi Lama...
Selesai. Total 0 notifikasi dihapus dari database.

=== CLEANUP SELESAI PADA: 2026-02-18 12:25:22 WIB ===
--------------------------------------------------------

========================================================
LOG START: 2026-02-18 12:40:32 WIB
========================================================
[1/2] Membersihkan Folder Temp...
Selesai. Total 0 file dihapus.

[2/2] Membersihkan Notifikasi Lama...
Selesai. Total 0 notifikasi dihapus dari database.

=== CLEANUP SELESAI PADA: 2026-02-18 12:40:32 WIB ===
--------------------------------------------------------

========================================================
LOG START: 2026-02-18 12:48:00 WIB
========================================================
[1/2] Membersihkan Folder Temp...
Selesai. Total 0 file dihapus.

[2/2] Membersihkan Notifikasi Lama...
Selesai. Total 0 notifikasi dihapus dari database.

=== CLEANUP SELESAI PADA: 2026-02-18 12:48:01 WIB ===
--------------------------------------------------------

========================================================
LOG START: 2026-02-18 13:04:54 WIB
========================================================
[1/2] Membersihkan Folder Temp...
Selesai. Total 0 file dihapus.

[2/2] Membersihkan Notifikasi Lama...
Selesai. Total 0 notifikasi dihapus dari database.

=== CLEANUP SELESAI PADA: 2026-02-18 13:04:55 WIB ===
--------------------------------------------------------

========================================================
LOG START: 2026-02-19 08:29:08 WIB
========================================================
[1/2] Membersihkan Folder Temp...
Selesai. Total 0 file dihapus.

[2/2] Membersihkan Notifikasi Lama...
Selesai. Total 0 notifikasi dihapus dari database.

=== CLEANUP SELESAI PADA: 2026-02-19 08:29:19 WIB ===
--------------------------------------------------------

========================================================
LOG START: 2026-02-19 08:40:35 WIB
========================================================
[1/2] Membersihkan Folder Temp...
Selesai. Total 0 file dihapus.

[2/2] Membersihkan Notifikasi Lama...
Selesai. Total 0 notifikasi dihapus dari database.

=== CLEANUP SELESAI PADA: 2026-02-19 08:40:41 WIB ===
--------------------------------------------------------

========================================================
LOG START: 2026-02-19 08:48:00 WIB
========================================================
[1/2] Membersihkan Folder Temp...
Selesai. Total 0 file dihapus.

[2/2] Membersihkan Notifikasi Lama...
Selesai. Total 0 notifikasi dihapus dari database.

=== CLEANUP SELESAI PADA: 2026-02-19 08:48:00 WIB ===
--------------------------------------------------------

========================================================
LOG START: 2026-02-19 09:04:54 WIB
========================================================
[1/2] Membersihkan Folder Temp...
Selesai. Total 0 file dihapus.

[2/2] Membersihkan Notifikasi Lama...
Selesai. Total 0 notifikasi dihapus dari database.

=== CLEANUP SELESAI PADA: 2026-02-19 09:04:54 WIB ===
--------------------------------------------------------

========================================================
LOG START: 2026-02-19 09:25:22 WIB
========================================================
[1/2] Membersihkan Folder Temp...
Selesai. Total 0 file dihapus.

[2/2] Membersihkan Notifikasi Lama...
Selesai. Total 0 notifikasi dihapus dari database.

=== CLEANUP SELESAI PADA: 2026-02-19 09:25:22 WIB ===
--------------------------------------------------------

========================================================
LOG START: 2026-02-19 09:28:45 WIB
========================================================
[1/2] Membersihkan Folder Temp...
Selesai. Total 0 file dihapus.

[2/2] Membersihkan Notifikasi Lama...
Selesai. Total 0 notifikasi dihapus dari database.

=== CLEANUP SELESAI PADA: 2026-02-19 09:28:45 WIB ===
--------------------------------------------------------

========================================================
LOG START: 2026-02-19 09:40:32 WIB
========================================================
[1/2] Membersihkan Folder Temp...
Selesai. Total 0 file dihapus.

[2/2] Membersihkan Notifikasi Lama...
Selesai. Total 0 notifikasi dihapus dari database.

=== CLEANUP SELESAI PADA: 2026-02-19 09:40:32 WIB ===
--------------------------------------------------------

========================================================
LOG START: 2026-02-19 09:48:00 WIB
========================================================
[1/2] Membersihkan Folder Temp...
Selesai. Total 0 file dihapus.

[2/2] Membersihkan Notifikasi Lama...
Selesai. Total 0 notifikasi dihapus dari database.

=== CLEANUP SELESAI PADA: 2026-02-19 09:48:00 WIB ===
--------------------------------------------------------

========================================================
LOG START: 2026-02-19 10:04:54 WIB
========================================================
[1/2] Membersihkan Folder Temp...
Selesai. Total 0 file dihapus.

[2/2] Membersihkan Notifikasi Lama...
Selesai. Total 0 notifikasi dihapus dari database.

=== CLEANUP SELESAI PADA: 2026-02-19 10:04:55 WIB ===
--------------------------------------------------------

========================================================
LOG START: 2026-02-19 10:25:22 WIB
========================================================
[1/2] Membersihkan Folder Temp...
Selesai. Total 0 file dihapus.

[2/2] Membersihkan Notifikasi Lama...
Selesai. Total 0 notifikasi dihapus dari database.

=== CLEANUP SELESAI PADA: 2026-02-19 10:25:22 WIB ===
--------------------------------------------------------

========================================================
LOG START: 2026-02-19 10:28:45 WIB
========================================================
[1/2] Membersihkan Folder Temp...
Selesai. Total 0 file dihapus.

[2/2] Membersihkan Notifikasi Lama...
Selesai. Total 0 notifikasi dihapus dari database.

=== CLEANUP SELESAI PADA: 2026-02-19 10:28:45 WIB ===
--------------------------------------------------------

========================================================
LOG START: 2026-02-20 08:14:50 WIB
========================================================
[1/2] Membersihkan Folder Temp...
Selesai. Total 0 file dihapus.

[2/2] Membersihkan Notifikasi Lama...
Selesai. Total 0 notifikasi dihapus dari database.

=== CLEANUP SELESAI PADA: 2026-02-20 08:15:00 WIB ===
--------------------------------------------------------

========================================================
LOG START: 2026-02-20 08:18:31 WIB
========================================================
[1/2] Membersihkan Folder Temp...
Selesai. Total 0 file dihapus.

[2/2] Membersihkan Notifikasi Lama...
Selesai. Total 0 notifikasi dihapus dari database.

=== CLEANUP SELESAI PADA: 2026-02-20 08:18:32 WIB ===
--------------------------------------------------------

========================================================
LOG START: 2026-02-20 08:25:22 WIB
========================================================
[1/2] Membersihkan Folder Temp...
Selesai. Total 0 file dihapus.

[2/2] Membersihkan Notifikasi Lama...
Selesai. Total 0 notifikasi dihapus dari database.

=== CLEANUP SELESAI PADA: 2026-02-20 08:25:22 WIB ===
--------------------------------------------------------

========================================================
LOG START: 2026-02-20 08:28:45 WIB
========================================================
[1/2] Membersihkan Folder Temp...
Selesai. Total 0 file dihapus.

[2/2] Membersihkan Notifikasi Lama...
Selesai. Total 0 notifikasi dihapus dari database.

=== CLEANUP SELESAI PADA: 2026-02-20 08:28:49 WIB ===
--------------------------------------------------------

========================================================
LOG START: 2026-02-20 08:40:32 WIB
========================================================
[1/2] Membersihkan Folder Temp...
Selesai. Total 0 file dihapus.

[2/2] Membersihkan Notifikasi Lama...
Selesai. Total 0 notifikasi dihapus dari database.

=== CLEANUP SELESAI PADA: 2026-02-20 08:40:38 WIB ===
--------------------------------------------------------

